Workbook
Name Currency: '⚙️ الإعدادات'!$B$17
Name ExpiryWarnDays: '⚙️ الإعدادات'!$B$18
Name GosiCeiling: '⚙️ الإعدادات'!$B$14
Name GosiCoRate: '⚙️ الإعدادات'!$B$13
Name GosiEmpRate: '⚙️ الإعدادات'!$B$12
Name LeaveDaysJunior: '⚙️ الإعدادات'!$B$15
Name LeaveDaysSenior: '⚙️ الإعدادات'!$B$16
Name ListAttState: '⚙️ الإعدادات'!$F$5:$F$9
Name ListContractType: '⚙️ الإعدادات'!$H$5:$H$8
Name ListDepts: '⚙️ الإعدادات'!$D$5:$D$12
Name ListLeaveStatus: '⚙️ الإعدادات'!$I$5:$I$8
Name ListLeaveType: '⚙️ الإعدادات'!$G$5:$G$12
Name ListStatus: '⚙️ الإعدادات'!$E$5:$E$8
Name OTRateHoliday: '⚙️ الإعدادات'!$B$11
Name OTRateRegular: '⚙️ الإعدادات'!$B$10
Name PayMonth: '⚙️ الإعدادات'!$B$4
Name PayPeriod: '⚙️ الإعدادات'!$B$6
Name PayYear: '⚙️ الإعدادات'!$B$5
Name WorkDaysMonth: '⚙️ الإعدادات'!$B$7
Name WorkHoursDay: '⚙️ الإعدادات'!$B$8
Name WorkHoursMonth: '⚙️ الإعدادات'!$B$9

Sheet 🏠 لوحة التحكم
B4: نظام إدارة الموارد البشرية | Q4: HR Management System | 2026
B10: 👥 إجمالي الموظفين | J10: ✅ معدل الحضور | R10: 💰 إجمالي الرواتب
C12: =COUNTA('👥 بيانات الموظفين'!B5:B200) -> 30 | K12: =IFERROR(COUNTIF('📅 الحضور'!E5:E500,"حاضر")/MAX(1,COUNTA('📅 الحضور'!B5:B500)),0) -> 0.84309133 | S12: =IFERROR(SUM('💰 الرواتب'!O5:O204),0) -> 597533.54
C14: مؤشر حي | يتحدث تلقائياً | K14: مؤشر حي | يتحدث تلقائياً | S14: مؤشر حي | يتحدث تلقائياً
B17: 🌴 طلبات إجازة معلقة | J17: 📊 متوسط تقييم الأداء | R17: 🎯 مرشحو التوظيف
C19: =COUNTIF('🌴 الإجازات'!F5:F500,"قيد المراجعة") -> 0 | K19: =IFERROR(AVERAGE('📊 KPI الأداء'!K5:K300),0) -> 85.533333 | S19: =COUNTIF('🎯 التوظيف'!N5:N300,"نشط") -> 0
C21: مؤشر حي | يتحدث تلقائياً | K21: مؤشر حي | يتحدث تلقائياً | S21: مؤشر حي | يتحدث تلقائياً
B26: 📋 توزيع الموظفين والرواتب بالأقسام
B27: القسم | G27: عدد الموظفين | K27: إجمالي الرواتب | O27: متوسط الراتب | S27: نسبة من الكل | W27: مؤشر الأداء
B28: الموارد البشرية | G28: =COUNTIF('👥 بيانات الموظفين'!E5:E200,"الموارد البشرية") -> 2 | K28: =SUMIF('👥 بيانات الموظفين'!E5:E200,"الموارد البشرية",'👥 بيانات الموظفين'!K5:K200) -> 32425 | O28: =IFERROR(SUMIF('👥 بيانات الموظفين'!E5:E200,"الموارد البشرية",'👥 بيانات الموظفين'!K5:K200)/COUNTIF('👥 بيانات الموظفين'!E5:E200,"الموارد البشرية"),0) -> 16212.5 | S28: =IFERROR(COUNTIF('👥 بيانات الموظفين'!E5:E200,"الموارد البشرية")/MAX(1,COUNTA('👥 بيانات الموظفين'!B5:B200)),0) -> 0.066666667 | W28: =IFERROR(AVERAGEIF('📊 KPI الأداء'!D5:D300,"الموارد البشرية",'📊 KPI الأداء'!K5:K300),0) -> 0
B29: المحاسبة | G29: =COUNTIF('👥 بيانات الموظفين'!E5:E200,"المحاسبة") -> 3 | K29: =SUMIF('👥 بيانات الموظفين'!E5:E200,"المحاسبة",'👥 بيانات الموظفين'!K5:K200) -> 45675 | O29: =IFERROR(SUMIF('👥 بيانات الموظفين'!E5:E200,"المحاسبة",'👥 بيانات الموظفين'!K5:K200)/COUNTIF('👥 بيانات الموظفين'!E5:E200,"المحاسبة"),0) -> 15225 | S29: =IFERROR(COUNTIF('👥 بيانات الموظفين'!E5:E200,"المحاسبة")/MAX(1,COUNTA('👥 بيانات الموظفين'!B5:B200)),0) -> 0.1 | W29: =IFERROR(AVERAGEIF('📊 KPI الأداء'!D5:D300,"المحاسبة",'📊 KPI الأداء'!K5:K300),0) -> 0
B30: المبيعات | G30: =COUNTIF('👥 بيانات الموظفين'!E5:E200,"المبيعات") -> 5 | K30: =SUMIF('👥 بيانات الموظفين'!E5:E200,"المبيعات",'👥 بيانات الموظفين'!K5:K200) -> 69750 | O30: =IFERROR(SUMIF('👥 بيانات الموظفين'!E5:E200,"المبيعات",'👥 بيانات الموظفين'!K5:K200)/COUNTIF('👥 بيانات الموظفين'!E5:E200,"المبيعات"),0) -> 13950 | S30: =IFERROR(COUNTIF('👥 بيانات الموظفين'!E5:E200,"المبيعات")/MAX(1,COUNTA('👥 بيانات الموظفين'!B5:B200)),0) -> 0.16666667 | W30: =IFERROR(AVERAGEIF('📊 KPI الأداء'!D5:D300,"المبيعات",'📊 KPI الأداء'!K5:K300),0) -> 0
B31: خدمة العملاء | G31: =COUNTIF('👥 بيانات الموظفين'!E5:E200,"خدمة العملاء") -> 4 | K31: =SUMIF('👥 بيانات الموظفين'!E5:E200,"خدمة العملاء",'👥 بيانات الموظفين'!K5:K200) -> 38025 | O31: =IFERROR(SUMIF('👥 بيانات الموظفين'!E5:E200,"خدمة العملاء",'👥 بيانات الموظفين'!K5:K200)/COUNTIF('👥 بيانات الموظفين'!E5:E200,"خدمة العملاء"),0) -> 9506.25 | S31: =IFERROR(COUNTIF('👥 بيانات الموظفين'!E5:E200,"خدمة العملاء")/MAX(1,COUNTA('👥 بيانات الموظفين'!B5:B200)),0) -> 0.13333333 | W31: =IFERROR(AVERAGEIF('📊 KPI الأداء'!D5:D300,"خدمة العملاء",'📊 KPI الأداء'!K5:K300),0) -> 0
B32: تقنية المعلومات | G32: =COUNTIF('👥 بيانات الموظفين'!E5:E200,"تقنية المعلومات") -> 8 | K32: =SUMIF('👥 بيانات الموظفين'!E5:E200,"تقنية المعلومات",'👥 بيانات الموظفين'!K5:K200) -> 149025 | O32: =IFERROR(SUMIF('👥 بيانات الموظفين'!E5:E200,"تقنية المعلومات",'👥 بيانات الموظفين'!K5:K200)/COUNTIF('👥 بيانات الموظفين'!E5:E200,"تقنية المعلومات"),0) -> 18628.125 | S32: =IFERROR(COUNTIF('👥 بيانات الموظفين'!E5:E200,"تقنية المعلومات")/MAX(1,COUNTA('👥 بيانات الموظفين'!B5:B200)),0) -> 0.26666667 | W32: =IFERROR(AVERAGEIF('📊 KPI الأداء'!D5:D300,"تقنية المعلومات",'📊 KPI الأداء'!K5:K300),0) -> 0
B33: العمليات | G33: =COUNTIF('👥 بيانات الموظفين'!E5:E200,"العمليات") -> 2 | K33: =SUMIF('👥 بيانات الموظفين'!E5:E200,"العمليات",'👥 بيانات الموظفين'!K5:K200) -> 31075 | O33: =IFERROR(SUMIF('👥 بيانات الموظفين'!E5:E200,"العمليات",'👥 بيانات الموظفين'!K5:K200)/COUNTIF('👥 بيانات الموظفين'!E5:E200,"العمليات"),0) -> 15537.5 | S33: =IFERROR(COUNTIF('👥 بيانات الموظفين'!E5:E200,"العمليات")/MAX(1,COUNTA('👥 بيانات الموظفين'!B5:B200)),0) -> 0.066666667 | W33: =IFERROR(AVERAGEIF('📊 KPI الأداء'!D5:D300,"العمليات",'📊 KPI الأداء'!K5:K300),0) -> 0
B34: التسويق | G34: =COUNTIF('👥 بيانات الموظفين'!E5:E200,"التسويق") -> 3 | K34: =SUMIF('👥 بيانات الموظفين'!E5:E200,"التسويق",'👥 بيانات الموظفين'!K5:K200) -> 48375 | O34: =IFERROR(SUMIF('👥 بيانات الموظفين'!E5:E200,"التسويق",'👥 بيانات الموظفين'!K5:K200)/COUNTIF('👥 بيانات الموظفين'!E5:E200,"التسويق"),0) -> 16125 | S34: =IFERROR(COUNTIF('👥 بيانات الموظفين'!E5:E200,"التسويق")/MAX(1,COUNTA('👥 بيانات الموظفين'!B5:B200)),0) -> 0.1 | W34: =IFERROR(AVERAGEIF('📊 KPI الأداء'!D5:D300,"التسويق",'📊 KPI الأداء'!K5:K300),0) -> 0
B35: الإدارة | G35: =COUNTIF('👥 بيانات الموظفين'!E5:E200,"الإدارة") -> 3 | K35: =SUMIF('👥 بيانات الموظفين'!E5:E200,"الإدارة",'👥 بيانات الموظفين'!K5:K200) -> 140050 | O35: =IFERROR(SUMIF('👥 بيانات الموظفين'!E5:E200,"الإدارة",'👥 بيانات الموظفين'!K5:K200)/COUNTIF('👥 بيانات الموظفين'!E5:E200,"الإدارة"),0) -> 46683.333 | S35: =IFERROR(COUNTIF('👥 بيانات الموظفين'!E5:E200,"الإدارة")/MAX(1,COUNTA('👥 بيانات الموظفين'!B5:B200)),0) -> 0.1 | W35: =IFERROR(AVERAGEIF('📊 KPI الأداء'!D5:D300,"الإدارة",'📊 KPI الأداء'!K5:K300),0) -> 0
B36: الإجمالي | G36: =COUNTA('👥 بيانات الموظفين'!B5:B200) -> 30 | K36: =IFERROR(SUM('👥 بيانات الموظفين'!K5:K200),0) -> 554400 | O36: 100%
B39: 🔗 انتقل إلى — التنقل السريع بين أوراق النظام
B42: 👥 بيانات الموظفين | H42: 📅 الحضور | N42: 💰 الرواتب | T42: 🌴 الإجازات
B43: قاعدة بيانات الموظفين | H43: سجل الحضور اليومي | N43: كشف الرواتب الشهري | T43: إدارة الإجازات
B47: ➕ الخصومات | H47: 📊 KPI الأداء | N47: 🎯 التوظيف | T47: 📈 التقارير
B48: الخصومات والمكافآت | H48: مؤشرات الأداء | N48: مسار التوظيف | T48: التقارير والتحليلات
A65: 🚨 تنبيهات حرجة
A66: تتحدث تلقائياً من بيانات الموظفين والحضور
A67: البند | B67: العدد | C67: ملاحظة
A68: 🆔 إقامات تنتهي خلال 60 يوم | B68: =SUMPRODUCT(('👥 بيانات الموظفين'!$X$5:$X$204<>"")*('👥 بيانات الموظفين'!$X$5:$X$204-TODAY()<=ExpiryWarnDays)*('👥 بيانات الموظفين'!$X$5:$X$204-TODAY()>=0)) -> 2 | C68: تواصل مع الجوازات / مكتب العمل
A69: 📜 عقود تنتهي خلال 60 يوم | B69: =SUMPRODUCT(('👥 بيانات الموظفين'!$V$5:$V$204<>"")*('👥 بيانات الموظفين'!$V$5:$V$204-TODAY()<=ExpiryWarnDays)*('👥 بيانات الموظفين'!$V$5:$V$204-TODAY()>=0)) -> 1 | C69: ابدأ إجراءات التجديد
A70: 🟡 فترات تجربة تنتهي خلال 30 يوم | B70: =SUMPRODUCT(('👥 بيانات الموظفين'!$W$5:$W$204<>"")*('👥 بيانات الموظفين'!$W$5:$W$204-TODAY()<=30)*('👥 بيانات الموظفين'!$W$5:$W$204-TODAY()>=0)) -> 0 | C70: اتخاذ قرار التثبيت أو الإنهاء
A71: 🌴 موظفون رصيد إجازتهم سالب | B71: =SUMPRODUCT(('👥 بيانات الموظفين'!$Q$5:$Q$204<0)*1) -> 1 | C71: مراجعة سجل الإجازات
A72: ❌ غيابات بدون إذن هذا الشهر | B72: =COUNTIFS('📅 الحضور'!$E:$E,"غائب",'📅 الحضور'!$L:$L,PayPeriod) -> 3 | C72: إجراء تأديبي محتمل

Sheet ⚙️ الإعدادات
A1: ⚙️ إعدادات النظام
A2: Source-of-truth — كل صيغ النظام تقرأ من هنا
D3: قوائم القيم
A4: شهر التشغيل (1-12) | B4: 4 | D4: الأقسام | E4: حالة الموظف | F4: حالة الحضور | G4: نوع الإجازة | H4: نوع العقد | I4: حالة الإجازة
A5: سنة التشغيل | B5: 2026 | D5: الموارد البشرية | E5: نشط | F5: حاضر | G5: سنوية | H5: دائم | I5: قيد المراجعة
A6: فترة التشغيل (شهر-سنة) | B6: =TEXT(DATE(B5,B4,1),"yyyy-mm") -> 2026-04 | D6: المحاسبة | E6: موقوف | F6: متأخر | G6: مرضية | H6: محدد المدة | I6: معتمدة
A7: أيام العمل في الشهر | B7: 30 | D7: المبيعات | E7: إجازة بدون راتب | F7: غائب | G7: اضطرارية | H7: تجربة | I7: مرفوضة
A8: ساعات العمل اليومية | B8: 8 | D8: خدمة العملاء | E8: منتهي الخدمة | F8: إجازة | G8: أمومة | H8: موسمي | I8: ملغاة
A9: ساعات الشهر القياسية | B9: =B7*B8 -> 240 | D9: تقنية المعلومات | F9: عطلة رسمية | G9: حج
A10: نسبة OT العادي | B10: 1.5 | D10: العمليات | G10: زواج
A11: نسبة OT العطل/الجمعة | B11: 2 | D11: التسويق | G11: وفاة
A12: GOSI - حصة الموظف (سعودي) | B12: 0.1 | D12: الإدارة | G12: بدون راتب
A13: GOSI - حصة الشركة (سعودي) | B13: 0.12
A14: GOSI - الحد الأعلى (ريال) | B14: 45000
A15: إجازة سنوية - أول 5 سنوات | B15: 21
A16: إجازة سنوية - بعد 5 سنوات | B16: 30
A17: العملة | B17: ريال
A18: تحذير انتهاء (يوم) | B18: 60

Sheet 👥 بيانات الموظفين
A1: 👥 قاعدة بيانات الموظفين
A2: Employee Database — يتم تحديثها تلقائياً مع باقي الأوراق
A4: م | B4: رقم الموظف | C4: الاسم الكامل | D4: الجنسية | E4: القسم | F4: المسمى الوظيفي | G4: الحالة | H4: الراتب الأساسي | I4: بدل السكن | J4: بدل النقل | K4: إجمالي الراتب | L4: تاريخ التعيين | M4: سنوات الخدمة | N4: رقم الهوية | O4: رقم الجوال | P4: البريد الإلكتروني | Q4: رصيد الإجازة | R4: المدير المباشر | S4: ملاحظات | T4: نوع العقد | U4: بداية العقد | V4: نهاية العقد | W4: نهاية فترة التجربة | X4: تاريخ انتهاء الإقامة | Y4: رقم GOSI | Z4: IBAN | AA4: التأمين الطبي | AB4: EOSB المستحقة | AC4: إجازة سنوية مستحقة | AD4: تنبيه
A5: 1 | B5: EMP001 | C5: عبدالعزيز محمد العتيبي | D5: سعودي | E5: الإدارة | F5: الرئيس التنفيذي | G5: نشط | H5: 42000 | I5: 10500 | J5: 2500 | K5: =H5+I5+J5 -> 55000 | L5: =DATEVALUE("2017-01-15") -> 42750 | M5: =IF(L5<>"",DATEDIF(L5,TODAY(),"Y"),"") -> 9 | N5: 1023456789 | O5: 501112222 | P5: aziz.alotaibi@techvision.sa | Q5: =IF(B5="","",AC5-IFERROR(SUMIFS('🌴 الإجازات'!$G:$G,'🌴 الإجازات'!$B:$B,B5,'🌴 الإجازات'!$K:$K,"معتمدة"),0)) -> 30 | R5: مجلس الإدارة | S5: مؤسس مشارك | T5: دائم | U5: =DATEVALUE("2017-01-15") -> 42750 | Y5: 100200300401 | Z5: SA0312345678901234567890 | AA5: بوبا - VIP بلاتينيوم | AB5: =IF(AND(B5<>"",L5<>""),(0.5*H5*MIN(M5,5))+(1*H5*MAX(0,M5-5)),"") -> 273000 | AC5: =IF(B5<>"",IF(IFERROR(M5,0)>=5,LeaveDaysSenior,LeaveDaysJunior),"") -> 30 | AD5: =IF(B5="","",IF(AND(X5<>"",X5-TODAY()<=ExpiryWarnDays,X5-TODAY()>=0),"⚠️ إقامة تنتهي خلال "&(X5-TODAY())&" يوم",IF(AND(V5<>"",V5-TODAY()<=ExpiryWarnDays,V5-TODAY()>=0),"⚠️ عقد ينتهي خلال "&(V5-TODAY())&" يوم",IF(AND(W5<>"",W5-TODAY()<=30,W5-TODAY()>=0),"🟡 تجربة تنتهي خلال "&(W5-TODAY())&" يوم",""))))
A6: 2 | B6: EMP002 | C6: فاطمة سعد الزهراني | D6: سعودية | E6: الإدارة | F6: الرئيس التنفيذي للعمليات | G6: نشط | H6: 35000 | I6: 8750 | J6: 2000 | K6: =H6+I6+J6 -> 45750 | L6: =DATEVALUE("2018-06-01") -> 43252 | M6: =IF(L6<>"",DATEDIF(L6,TODAY(),"Y"),"") -> 7 | N6: 2034567890 | O6: 552223333 | P6: fatima.alzahrani@techvision.sa | Q6: =IF(B6="","",AC6-IFERROR(SUMIFS('🌴 الإجازات'!$G:$G,'🌴 الإجازات'!$B:$B,B6,'🌴 الإجازات'!$K:$K,"معتمدة"),0)) -> 30 | R6: عبدالعزيز العتيبي | T6: دائم | U6: =DATEVALUE("2018-06-01") -> 43252 | Y6: 100200300402 | Z6: SA0398765432109876543210 | AA6: بوبا - VIP بلاتينيوم | AB6: =IF(AND(B6<>"",L6<>""),(0.5*H6*MIN(M6,5))+(1*H6*MAX(0,M6-5)),"") -> 157500 | AC6: =IF(B6<>"",IF(IFERROR(M6,0)>=5,LeaveDaysSenior,LeaveDaysJunior),"") -> 30 | AD6: =IF(B6="","",IF(AND(X6<>"",X6-TODAY()<=ExpiryWarnDays,X6-TODAY()>=0),"⚠️ إقامة تنتهي خلال "&(X6-TODAY())&" يوم",IF(AND(V6<>"",V6-TODAY()<=ExpiryWarnDays,V6-TODAY()>=0),"⚠️ عقد ينتهي خلال "&(V6-TODAY())&" يوم",IF(AND(W6<>"",W6-TODAY()<=30,W6-TODAY()>=0),"🟡 تجربة تنتهي خلال "&(W6-TODAY())&" يوم",""))))
A7: 3 | B7: EMP003 | C7: خالد عبدالرحمن الدوسري | D7: سعودي | E7: الإدارة | F7: الرئيس التنفيذي للمالية | G7: نشط | H7: 30000 | I7: 7500 | J7: 1800 | K7: =H7+I7+J7 -> 39300 | L7: =DATEVALUE("2019-03-10") -> 43534 | M7: =IF(L7<>"",DATEDIF(L7,TODAY(),"Y"),"") -> 7 | N7: 1045678901 | O7: 533334444 | P7: khalid.aldosari@techvision.sa | Q7: =IF(B7="","",AC7-IFERROR(SUMIFS('🌴 الإجازات'!$G:$G,'🌴 الإجازات'!$B:$B,B7,'🌴 الإجازات'!$K:$K,"معتمدة"),0)) -> 30 | R7: عبدالعزيز العتيبي | T7: دائم | U7: =DATEVALUE("2019-03-10") -> 43534 | Y7: 100200300403 | Z7: SA0311112222333344445555 | AA7: بوبا - VIP | AB7: =IF(AND(B7<>"",L7<>""),(0.5*H7*MIN(M7,5))+(1*H7*MAX(0,M7-5)),"") -> 135000 | AC7: =IF(B7<>"",IF(IFERROR(M7,0)>=5,LeaveDaysSenior,LeaveDaysJunior),"") -> 30 | AD7: =IF(B7="","",IF(AND(X7<>"",X7-TODAY()<=ExpiryWarnDays,X7-TODAY()>=0),"⚠️ إقامة تنتهي خلال "&(X7-TODAY())&" يوم",IF(AND(V7<>"",V7-TODAY()<=ExpiryWarnDays,V7-TODAY()>=0),"⚠️ عقد ينتهي خلال "&(V7-TODAY())&" يوم",IF(AND(W7<>"",W7-TODAY()<=30,W7-TODAY()>=0),"🟡 تجربة تنتهي خلال "&(W7-TODAY())&" يوم",""))))
A8: 4 | B8: EMP004 | C8: سلطان فيصل القحطاني | D8: سعودي | E8: تقنية المعلومات | F8: الرئيس التقني | G8: نشط | H8: 28000 | I8: 7000 | J8: 1500 | K8: =H8+I8+J8 -> 36500 | L8: =DATEVALUE("2018-09-15") -> 43358 | M8: =IF(L8<>"",DATEDIF(L8,TODAY(),"Y"),"") -> 7 | N8: 1056789012 | O8: 544445555 | P8: sultan.alqahtani@techvision.sa | Q8: =IF(B8="","",AC8-IFERROR(SUMIFS('🌴 الإجازات'!$G:$G,'🌴 الإجازات'!$B:$B,B8,'🌴 الإجازات'!$K:$K,"معتمدة"),0)) -> 19 | R8: عبدالعزيز العتيبي | T8: دائم | U8: =DATEVALUE("2018-09-15") -> 43358 | Y8: 100200300404 | Z8: SA0399998888777766665555 | AA8: بوبا - VIP | AB8: =IF(AND(B8<>"",L8<>""),(0.5*H8*MIN(M8,5))+(1*H8*MAX(0,M8-5)),"") -> 126000 | AC8: =IF(B8<>"",IF(IFERROR(M8,0)>=5,LeaveDaysSenior,LeaveDaysJunior),"") -> 30 | AD8: =IF(B8="","",IF(AND(X8<>"",X8-TODAY()<=ExpiryWarnDays,X8-TODAY()>=0),"⚠️ إقامة تنتهي خلال "&(X8-TODAY())&" يوم",IF(AND(V8<>"",V8-TODAY()<=ExpiryWarnDays,V8-TODAY()>=0),"⚠️ عقد ينتهي خلال "&(V8-TODAY())&" يوم",IF(AND(W8<>"",W8-TODAY()<=30,W8-TODAY()>=0),"🟡 تجربة تنتهي خلال "&(W8-TODAY())&" يوم",""))))
A9: 5 | B9: EMP005 | C9: Rajesh Kumar Sharma | D9: هندي | E9: تقنية المعلومات | F9: مهندس برمجيات أول | G9: نشط | H9: 18000 | I9: 4500 | J9: 1000 | K9: =H9+I9+J9 -> 23500 | L9: =DATEVALUE("2020-02-20") -> 43881 | M9: =IF(L9<>"",DATEDIF(L9,TODAY(),"Y"),"") -> 6 | N9: 2456789012345 | O9: 555556666 | P9: rajesh.sharma@techvision.sa | Q9: =IF(B9="","",AC9-IFERROR(SUMIFS('🌴 الإجازات'!$G:$G,'🌴 الإجازات'!$B:$B,B9,'🌴 الإجازات'!$K:$K,"معتمدة"),0)) -> 30 | R9: سلطان القحطاني | S9: إقامة تنتهي قريباً | T9: دائم | U9: =DATEVALUE("2020-02-20") -> 43881 | X9: =DATEVALUE("2026-06-15") -> 46188 | Z9: SA0344445555666677778888 | AA9: ميدغلف - بلاتينيوم | AB9: =IF(AND(B9<>"",L9<>""),(0.5*H9*MIN(M9,5))+(1*H9*MAX(0,M9-5)),"") -> 63000 | AC9: =IF(B9<>"",IF(IFERROR(M9,0)>=5,LeaveDaysSenior,LeaveDaysJunior),"") -> 30 | AD9: =IF(B9="","",IF(AND(X9<>"",X9-TODAY()<=ExpiryWarnDays,X9-TODAY()>=0),"⚠️ إقامة تنتهي خلال "&(X9-TODAY())&" يوم",IF(AND(V9<>"",V9-TODAY()<=ExpiryWarnDays,V9-TODAY()>=0),"⚠️ عقد ينتهي خلال "&(V9-TODAY())&" يوم",IF(AND(W9<>"",W9-TODAY()<=30,W9-TODAY()>=0),"🟡 تجربة تنتهي خلال "&(W9-TODAY())&" يوم","")))) -> ⚠️ إقامة تنتهي خلال 42 يوم
A10: 6 | B10: EMP006 | C10: Mohamed Ahmed Hassan | D10: مصري | E10: تقنية المعلومات | F10: مهندس DevOps | G10: نشط | H10: 15000 | I10: 3750 | J10: 1000 | K10: =IF(H10<>"",H10+I10+J10,"") -> 19750 | L10: =DATEVALUE("2021-04-12") -> 44298 | M10: =IF(L10<>"",DATEDIF(L10,TODAY(),"Y"),"") -> 5 | N10: 2567890123456 | O10: 566667777 | P10: mohamed.hassan@techvision.sa | Q10: =IF(B10="","",AC10-IFERROR(SUMIFS('🌴 الإجازات'!$G:$G,'🌴 الإجازات'!$B:$B,B10,'🌴 الإجازات'!$K:$K,"معتمدة"),0)) -> 30 | R10: سلطان القحطاني | T10: دائم | U10: =DATEVALUE("2021-04-12") -> 44298 | X10: =DATEVALUE("2027-03-20") -> 46466 | Z10: SA0355556666777788889999 | AA10: ميدغلف - VIP | AB10: =IF(AND(B10<>"",L10<>""),(0.5*H10*MIN(M10,5))+(1*H10*MAX(0,M10-5)),"") -> 37500 | AC10: =IF(B10<>"",IF(IFERROR(M10,0)>=5,LeaveDaysSenior,LeaveDaysJunior),"") -> 30 | AD10: =IF(B10="","",IF(AND(X10<>"",X10-TODAY()<=ExpiryWarnDays,X10-TODAY()>=0),"⚠️ إقامة تنتهي خلال "&(X10-TODAY())&" يوم",IF(AND(V10<>"",V10-TODAY()<=ExpiryWarnDays,V10-TODAY()>=0),"⚠️ عقد ينتهي خلال "&(V10-TODAY())&" يوم",IF(AND(W10<>"",W10-TODAY()<=30,W10-TODAY()>=0),"🟡 تجربة تنتهي خلال "&(W10-TODAY())&" يوم",""))))
A11: 7 | B11: EMP007 | C11: نورة عبدالله الشمري | D11: سعودية | E11: تقنية المعلومات | F11: مهندسة برمجيات | G11: نشط | H11: 12000 | I11: 3000 | J11: 800 | K11: =IF(H11<>"",H11+I11+J11,"") -> 15800 | L11: =DATEVALUE("2022-08-01") -> 44774 | M11: =IF(L11<>"",DATEDIF(L11,TODAY(),"Y"),"") -> 3 | N11: 2078901234 | O11: 577778888 | P11: noura.alshamri@techvision.sa | Q11: =IF(B11="","",AC11-IFERROR(SUMIFS('🌴 الإجازات'!$G:$G,'🌴 الإجازات'!$B:$B,B11,'🌴 الإجازات'!$K:$K,"معتمدة"),0)) -> -44 | R11: سلطان القحطاني | S11: عائدة من إجازة أمومة | T11: دائم | U11: =DATEVALUE("2022-08-01") -> 44774 | Y11: 100200300407 | Z11: SA0366667777888899990000 | AA11: بوبا - VIP | AB11: =IF(AND(B11<>"",L11<>""),(0.5*H11*MIN(M11,5))+(1*H11*MAX(0,M11-5)),"") -> 18000 | AC11: =IF(B11<>"",IF(IFERROR(M11,0)>=5,LeaveDaysSenior,LeaveDaysJunior),"") -> 21 | AD11: =IF(B11="","",IF(AND(X11<>"",X11-TODAY()<=ExpiryWarnDays,X11-TODAY()>=0),"⚠️ إقامة تنتهي خلال "&(X11-TODAY())&" يوم",IF(AND(V11<>"",V11-TODAY()<=ExpiryWarnDays,V11-TODAY()>=0),"⚠️ عقد ينتهي خلال "&(V11-TODAY())&" يوم",IF(AND(W11<>"",W11-TODAY()<=30,W11-TODAY()>=0),"🟡 تجربة تنتهي خلال "&(W11-TODAY())&" يوم",""))))
A12: 8 | B12: EMP008 | C12: عبدالرحمن خالد المالكي | D12: سعودي | E12: تقنية المعلومات | F12: مهندس بيانات | G12: نشط | H12: 14000 | I12: 3500 | J12: 900 | K12: =IF(H12<>"",H12+I12+J12,"") -> 18400 | L12: =DATEVALUE("2022-11-05") -> 44870 | M12: =IF(L12<>"",DATEDIF(L12,TODAY(),"Y"),"") -> 3 | N12: 1089012345 | O12: 588889999 | P12: abdulrahman.almaliki@techvision.sa | Q12: =IF(B12="","",AC12-IFERROR(SUMIFS('🌴 الإجازات'!$G:$G,'🌴 الإجازات'!$B:$B,B12,'🌴 الإجازات'!$K:$K,"معتمدة"),0)) -> 19 | R12: سلطان القحطاني | T12: دائم | U12: =DATEVALUE("2022-11-05") -> 44870 | Y12: 100200300408 | Z12: SA0377778888999900001111 | AA12: بوبا - VIP | AB12: =IF(AND(B12<>"",L12<>""),(0.5*H12*MIN(M12,5))+(1*H12*MAX(0,M12-5)),"") -> 21000 | AC12: =IF(B12<>"",IF(IFERROR(M12,0)>=5,LeaveDaysSenior,LeaveDaysJunior),"") -> 21 | AD12: =IF(B12="","",IF(AND(X12<>"",X12-TODAY()<=ExpiryWarnDays,X12-TODAY()>=0),"⚠️ إقامة تنتهي خلال "&(X12-TODAY())&" يوم",IF(AND(V12<>"",V12-TODAY()<=ExpiryWarnDays,V12-TODAY()>=0),"⚠️ عقد ينتهي خلال "&(V12-TODAY())&" يوم",IF(AND(W12<>"",W12-TODAY()<=30,W12-TODAY()>=0),"🟡 تجربة تنتهي خلال "&(W12-TODAY())&" يوم",""))))
A13: 9 | B13: EMP009 | C13: Ali Hassan Khan | D13: باكستاني | E13: تقنية المعلومات | F13: مهندس Frontend | G13: نشط | H13: 11000 | I13: 2750 | J13: 750 | K13: =IF(H13<>"",H13+I13+J13,"") -> 14500 | L13: =DATEVALUE("2024-01-10") -> 45301 | M13: =IF(L13<>"",DATEDIF(L13,TODAY(),"Y"),"") -> 2 | N13: 2678901234567 | O13: 599990000 | P13: ali.khan@techvision.sa | Q13: =IF(B13="","",AC13-IFERROR(SUMIFS('🌴 الإجازات'!$G:$G,'🌴 الإجازات'!$B:$B,B13,'🌴 الإجازات'!$K:$K,"معتمدة"),0)) -> 21 | R13: سلطان القحطاني | T13: محدد المدة | U13: =DATEVALUE("2024-01-10") -> 45301 | V13: =DATEVALUE("2027-01-09") -> 46396 | X13: =DATEVALUE("2026-08-25") -> 46259 | Z13: SA0388889999000011112222 | AA13: ميدغلف - فضي | AB13: =IF(AND(B13<>"",L13<>""),(0.5*H13*MIN(M13,5))+(1*H13*MAX(0,M13-5)),"") -> 11000 | AC13: =IF(B13<>"",IF(IFERROR(M13,0)>=5,LeaveDaysSenior,LeaveDaysJunior),"") -> 21 | AD13: =IF(B13="","",IF(AND(X13<>"",X13-TODAY()<=ExpiryWarnDays,X13-TODAY()>=0),"⚠️ إقامة تنتهي خلال "&(X13-TODAY())&" يوم",IF(AND(V13<>"",V13-TODAY()<=ExpiryWarnDays,V13-TODAY()>=0),"⚠️ عقد ينتهي خلال "&(V13-TODAY())&" يوم",IF(AND(W13<>"",W13-TODAY()<=30,W13-TODAY()>=0),"🟡 تجربة تنتهي خلال "&(W13-TODAY())&" يوم",""))))
A14: 10 | B14: EMP010 | C14: ريم سعود العنزي | D14: سعودية | E14: تقنية المعلومات | F14: مهندسة QA | G14: نشط | H14: 9000 | I14: 2250 | J14: 700 | K14: =IF(H14<>"",H14+I14+J14,"") -> 11950 | L14: =DATEVALUE("2024-09-15") -> 45550 | M14: =IF(L14<>"",DATEDIF(L14,TODAY(),"Y"),"") -> 1 | N14: 2090123456 | O14: 501230001 | P14: reem.alanazi@techvision.sa | Q14: =IF(B14="","",AC14-IFERROR(SUMIFS('🌴 الإجازات'!$G:$G,'🌴 الإجازات'!$B:$B,B14,'🌴 الإجازات'!$K:$K,"معتمدة"),0)) -> 19 | R14: سلطان القحطاني | T14: دائم | U14: =DATEVALUE("2024-09-15") -> 45550 | Y14: 100200300410 | Z14: SA0399990000111122223333 | AA14: بوبا - فضي | AB14: =IF(AND(B14<>"",L14<>""),(0.5*H14*MIN(M14,5))+(1*H14*MAX(0,M14-5)),"") -> 4500 | AC14: =IF(B14<>"",IF(IFERROR(M14,0)>=5,LeaveDaysSenior,LeaveDaysJunior),"") -> 21 | AD14: =IF(B14="","",IF(AND(X14<>"",X14-TODAY()<=ExpiryWarnDays,X14-TODAY()>=0),"⚠️ إقامة تنتهي خلال "&(X14-TODAY())&" يوم",IF(AND(V14<>"",V14-TODAY()<=ExpiryWarnDays,V14-TODAY()>=0),"⚠️ عقد ينتهي خلال "&(V14-TODAY())&" يوم",IF(AND(W14<>"",W14-TODAY()<=30,W14-TODAY()>=0),"🟡 تجربة تنتهي خلال "&(W14-TODAY())&" يوم",""))))
A15: 11 | B15: EMP011 | C15: فهد عبدالله الشهري | D15: سعودي | E15: تقنية المعلومات | F15: مطور Junior | G15: نشط | H15: 6500 | I15: 1625 | J15: 500 | K15: =IF(H15<>"",H15+I15+J15,"") -> 8625 | L15: =DATEVALUE("2026-02-01") -> 46054 | M15: =IF(L15<>"",DATEDIF(L15,TODAY(),"Y"),"") -> 0 | N15: 1101234567 | O15: 501230002 | P15: fahd.alshehri@techvision.sa | Q15: =IF(B15="","",AC15-IFERROR(SUMIFS('🌴 الإجازات'!$G:$G,'🌴 الإجازات'!$B:$B,B15,'🌴 الإجازات'!$K:$K,"معتمدة"),0)) -> 21 | R15: سلطان القحطاني | S15: موظف جديد - فترة تجربة | T15: تجربة | U15: =DATEVALUE("2026-02-01") -> 46054 | W15: =DATEVALUE("2026-05-01") -> 46143 | Y15: 100200300411 | Z15: SA0300001111222233334444 | AA15: بوبا - فضي | AB15: =IF(AND(B15<>"",L15<>""),(0.5*H15*MIN(M15,5))+(1*H15*MAX(0,M15-5)),"") -> 0 | AC15: =IF(B15<>"",IF(IFERROR(M15,0)>=5,LeaveDaysSenior,LeaveDaysJunior),"") -> 21 | AD15: =IF(B15="","",IF(AND(X15<>"",X15-TODAY()<=ExpiryWarnDays,X15-TODAY()>=0),"⚠️ إقامة تنتهي خلال "&(X15-TODAY())&" يوم",IF(AND(V15<>"",V15-TODAY()<=ExpiryWarnDays,V15-TODAY()>=0),"⚠️ عقد ينتهي خلال "&(V15-TODAY())&" يوم",IF(AND(W15<>"",W15-TODAY()<=30,W15-TODAY()>=0),"🟡 تجربة تنتهي خلال "&(W15-TODAY())&" يوم",""))))
A16: 12 | B16: EMP012 | C16: ماجد سلطان الغامدي | D16: سعودي | E16: المبيعات | F16: مدير المبيعات | G16: نشط | H16: 20000 | I16: 5000 | J16: 1500 | K16: =IF(H16<>"",H16+I16+J16,"") -> 26500 | L16: =DATEVALUE("2019-07-01") -> 43647 | M16: =IF(L16<>"",DATEDIF(L16,TODAY(),"Y"),"") -> 6 | N16: 1112345678 | O16: 501230003 | P16: majed.alghamdi@techvision.sa | Q16: =IF(B16="","",AC16-IFERROR(SUMIFS('🌴 الإجازات'!$G:$G,'🌴 الإجازات'!$B:$B,B16,'🌴 الإجازات'!$K:$K,"معتمدة"),0)) -> 30 | R16: فاطمة الزهراني | T16: دائم | U16: =DATEVALUE("2019-07-01") -> 43647 | Y16: 100200300412 | Z16: SA0311112222333344445566 | AA16: بوبا - VIP | AB16: =IF(AND(B16<>"",L16<>""),(0.5*H16*MIN(M16,5))+(1*H16*MAX(0,M16-5)),"") -> 70000 | AC16: =IF(B16<>"",IF(IFERROR(M16,0)>=5,LeaveDaysSenior,LeaveDaysJunior),"") -> 30 | AD16: =IF(B16="","",IF(AND(X16<>"",X16-TODAY()<=ExpiryWarnDays,X16-TODAY()>=0),"⚠️ إقامة تنتهي خلال "&(X16-TODAY())&" يوم",IF(AND(V16<>"",V16-TODAY()<=ExpiryWarnDays,V16-TODAY()>=0),"⚠️ عقد ينتهي خلال "&(V16-TODAY())&" يوم",IF(AND(W16<>"",W16-TODAY()<=30,W16-TODAY()>=0),"🟡 تجربة تنتهي خلال "&(W16-TODAY())&" يوم",""))))
A17: 13 | B17: EMP013 | C17: سارة أحمد الحربي | D17: سعودية | E17: المبيعات | F17: مندوب مبيعات أول | G17: نشط | H17: 10000 | I17: 2500 | J17: 1500 | K17: =IF(H17<>"",H17+I17+J17,"") -> 14000 | L17: =DATEVALUE("2021-09-20") -> 44459 | M17: =IF(L17<>"",DATEDIF(L17,TODAY(),"Y"),"") -> 4 | N17: 2123456789 | O17: 501230004 | P17: sara.alharbi@techvision.sa | Q17: =IF(B17="","",AC17-IFERROR(SUMIFS('🌴 الإجازات'!$G:$G,'🌴 الإجازات'!$B:$B,B17,'🌴 الإجازات'!$K:$K,"معتمدة"),0)) -> 21 | R17: ماجد الغامدي | S17: موظفة الربع الأول 2026 | T17: دائم | U17: =DATEVALUE("2021-09-20") -> 44459 | Y17: 100200300413 | Z17: SA0322223333444455556677 | AA17: بوبا - VIP | AB17: =IF(AND(B17<>"",L17<>""),(0.5*H17*MIN(M17,5))+(1*H17*MAX(0,M17-5)),"") -> 20000 | AC17: =IF(B17<>"",IF(IFERROR(M17,0)>=5,LeaveDaysSenior,LeaveDaysJunior),"") -> 21 | AD17: =IF(B17="","",IF(AND(X17<>"",X17-TODAY()<=ExpiryWarnDays,X17-TODAY()>=0),"⚠️ إقامة تنتهي خلال "&(X17-TODAY())&" يوم",IF(AND(V17<>"",V17-TODAY()<=ExpiryWarnDays,V17-TODAY()>=0),"⚠️ عقد ينتهي خلال "&(V17-TODAY())&" يوم",IF(AND(W17<>"",W17-TODAY()<=30,W17-TODAY()>=0),"🟡 تجربة تنتهي خلال "&(W17-TODAY())&" يوم",""))))
A18: 14 | B18: EMP014 | C18: بدر فهد المطيري | D18: سعودي | E18: المبيعات | F18: مندوب مبيعات | G18: نشط | H18: 8000 | I18: 2000 | J18: 1200 | K18: =IF(H18<>"",H18+I18+J18,"") -> 11200 | L18: =DATEVALUE("2023-03-15") -> 45000 | M18: =IF(L18<>"",DATEDIF(L18,TODAY(),"Y"),"") -> 3 | N18: 1134567890 | O18: 501230005 | P18: badr.almutairi@techvision.sa | Q18: =IF(B18="","",AC18-IFERROR(SUMIFS('🌴 الإجازات'!$G:$G,'🌴 الإجازات'!$B:$B,B18,'🌴 الإجازات'!$K:$K,"معتمدة"),0)) -> 21 | R18: ماجد الغامدي | S18: إنذار غياب متكرر | T18: دائم | U18: =DATEVALUE("2023-03-15") -> 45000 | Y18: 100200300414 | Z18: SA0333334444555566667788 | AA18: بوبا - فضي | AB18: =IF(AND(B18<>"",L18<>""),(0.5*H18*MIN(M18,5))+(1*H18*MAX(0,M18-5)),"") -> 12000 | AC18: =IF(B18<>"",IF(IFERROR(M18,0)>=5,LeaveDaysSenior,LeaveDaysJunior),"") -> 21 | AD18: =IF(B18="","",IF(AND(X18<>"",X18-TODAY()<=ExpiryWarnDays,X18-TODAY()>=0),"⚠️ إقامة تنتهي خلال "&(X18-TODAY())&" يوم",IF(AND(V18<>"",V18-TODAY()<=ExpiryWarnDays,V18-TODAY()>=0),"⚠️ عقد ينتهي خلال "&(V18-TODAY())&" يوم",IF(AND(W18<>"",W18-TODAY()<=30,W18-TODAY()>=0),"🟡 تجربة تنتهي خلال "&(W18-TODAY())&" يوم",""))))
A19: 15 | B19: EMP015 | C19: Omar Khalid Mansour | D19: مصري | E19: المبيعات | F19: مندوب مبيعات | G19: نشط | H19: 7000 | I19: 1750 | J19: 1000 | K19: =IF(H19<>"",H19+I19+J19,"") -> 9750 | L19: =DATEVALUE("2024-04-01") -> 45383 | M19: =IF(L19<>"",DATEDIF(L19,TODAY(),"Y"),"") -> 2 | N19: 2789012345678 | O19: 501230006 | P19: omar.mansour@techvision.sa | Q19: =IF(B19="","",AC19-IFERROR(SUMIFS('🌴 الإجازات'!$G:$G,'🌴 الإجازات'!$B:$B,B19,'🌴 الإجازات'!$K:$K,"معتمدة"),0)) -> 14 | R19: ماجد الغامدي | S19: إقامة وعقد ينتهيان قريباً | T19: محدد المدة | U19: =DATEVALUE("2024-04-01") -> 45383 | V19: =DATEVALUE("2026-06-30") -> 46203 | X19: =DATEVALUE("2026-05-30") -> 46172 | Z19: SA0344445555666677778899 | AA19: ميدغلف - فضي | AB19: =IF(AND(B19<>"",L19<>""),(0.5*H19*MIN(M19,5))+(1*H19*MAX(0,M19-5)),"") -> 7000 | AC19: =IF(B19<>"",IF(IFERROR(M19,0)>=5,LeaveDaysSenior,LeaveDaysJunior),"") -> 21 | AD19: =IF(B19="","",IF(AND(X19<>"",X19-TODAY()<=ExpiryWarnDays,X19-TODAY()>=0),"⚠️ إقامة تنتهي خلال "&(X19-TODAY())&" يوم",IF(AND(V19<>"",V19-TODAY()<=ExpiryWarnDays,V19-TODAY()>=0),"⚠️ عقد ينتهي خلال "&(V19-TODAY())&" يوم",IF(AND(W19<>"",W19-TODAY()<=30,W19-TODAY()>=0),"🟡 تجربة تنتهي خلال "&(W19-TODAY())&" يوم","")))) -> ⚠️ إقامة تنتهي خلال 26 يوم
A20: 16 | B20: EMP016 | C20: هند ناصر القرشي | D20: سعودية | E20: المبيعات | F20: مندوب مبيعات Junior | G20: نشط | H20: 6000 | I20: 1500 | J20: 800 | K20: =IF(H20<>"",H20+I20+J20,"") -> 8300 | L20: =DATEVALUE("2026-01-15") -> 46037 | M20: =IF(L20<>"",DATEDIF(L20,TODAY(),"Y"),"") -> 0 | N20: 2156789012 | O20: 501230007 | P20: hind.alqarashi@techvision.sa | Q20: =IF(B20="","",AC20-IFERROR(SUMIFS('🌴 الإجازات'!$G:$G,'🌴 الإجازات'!$B:$B,B20,'🌴 الإجازات'!$K:$K,"معتمدة"),0)) -> 21 | R20: ماجد الغامدي | S20: فترة تجربة منتهية - بحاجة قرار | T20: تجربة | U20: =DATEVALUE("2026-01-15") -> 46037 | W20: =DATEVALUE("2026-04-15") -> 46127 | Y20: 100200300416 | Z20: SA0355556666777788889911 | AA20: بوبا - فضي | AB20: =IF(AND(B20<>"",L20<>""),(0.5*H20*MIN(M20,5))+(1*H20*MAX(0,M20-5)),"") -> 0 | AC20: =IF(B20<>"",IF(IFERROR(M20,0)>=5,LeaveDaysSenior,LeaveDaysJunior),"") -> 21 | AD20: =IF(B20="","",IF(AND(X20<>"",X20-TODAY()<=ExpiryWarnDays,X20-TODAY()>=0),"⚠️ إقامة تنتهي خلال "&(X20-TODAY())&" يوم",IF(AND(V20<>"",V20-TODAY()<=ExpiryWarnDays,V20-TODAY()>=0),"⚠️ عقد ينتهي خلال "&(V20-TODAY())&" يوم",IF(AND(W20<>"",W20-TODAY()<=30,W20-TODAY()>=0),"🟡 تجربة تنتهي خلال "&(W20-TODAY())&" يوم",""))))
A21: 17 | B21: EMP017 | C21: عبدالملك سعد التميمي | D21: سعودي | E21: التسويق | F21: مدير التسويق | G21: نشط | H21: 18000 | I21: 4500 | J21: 1200 | K21: =IF(H21<>"",H21+I21+J21,"") -> 23700 | L21: =DATEVALUE("2020-05-15") -> 43966 | M21: =IF(L21<>"",DATEDIF(L21,TODAY(),"Y"),"") -> 5 | N21: 1167890123 | O21: 501230008 | P21: abdulmalik.altamimi@techvision.sa | Q21: =IF(B21="","",AC21-IFERROR(SUMIFS('🌴 الإجازات'!$G:$G,'🌴 الإجازات'!$B:$B,B21,'🌴 الإجازات'!$K:$K,"معتمدة"),0)) -> 30 | R21: فاطمة الزهراني | T21: دائم | U21: =DATEVALUE("2020-05-15") -> 43966 | Y21: 100200300417 | Z21: SA0366667777888899990022 | AA21: بوبا - VIP | AB21: =IF(AND(B21<>"",L21<>""),(0.5*H21*MIN(M21,5))+(1*H21*MAX(0,M21-5)),"") -> 45000 | AC21: =IF(B21<>"",IF(IFERROR(M21,0)>=5,LeaveDaysSenior,LeaveDaysJunior),"") -> 30 | AD21: =IF(B21="","",IF(AND(X21<>"",X21-TODAY()<=ExpiryWarnDays,X21-TODAY()>=0),"⚠️ إقامة تنتهي خلال "&(X21-TODAY())&" يوم",IF(AND(V21<>"",V21-TODAY()<=ExpiryWarnDays,V21-TODAY()>=0),"⚠️ عقد ينتهي خلال "&(V21-TODAY())&" يوم",IF(AND(W21<>"",W21-TODAY()<=30,W21-TODAY()>=0),"🟡 تجربة تنتهي خلال "&(W21-TODAY())&" يوم",""))))
A22: 18 | B22: EMP018 | C22: لمى محمد البرقاوي | D22: سعودية | E22: التسويق | F22: أخصائية تسويق رقمي | G22: نشط | H22: 10000 | I22: 2500 | J22: 800 | K22: =IF(H22<>"",H22+I22+J22,"") -> 13300 | L22: =DATEVALUE("2022-02-10") -> 44602 | M22: =IF(L22<>"",DATEDIF(L22,TODAY(),"Y"),"") -> 4 | N22: 2178901234 | O22: 501230009 | P22: lama.albarqawi@techvision.sa | Q22: =IF(B22="","",AC22-IFERROR(SUMIFS('🌴 الإجازات'!$G:$G,'🌴 الإجازات'!$B:$B,B22,'🌴 الإجازات'!$K:$K,"معتمدة"),0)) -> 11 | R22: عبدالملك التميمي | T22: دائم | U22: =DATEVALUE("2022-02-10") -> 44602 | Y22: 100200300418 | Z22: SA0377778888999900001133 | AA22: بوبا - فضي | AB22: =IF(AND(B22<>"",L22<>""),(0.5*H22*MIN(M22,5))+(1*H22*MAX(0,M22-5)),"") -> 20000 | AC22: =IF(B22<>"",IF(IFERROR(M22,0)>=5,LeaveDaysSenior,LeaveDaysJunior),"") -> 21 | AD22: =IF(B22="","",IF(AND(X22<>"",X22-TODAY()<=ExpiryWarnDays,X22-TODAY()>=0),"⚠️ إقامة تنتهي خلال "&(X22-TODAY())&" يوم",IF(AND(V22<>"",V22-TODAY()<=ExpiryWarnDays,V22-TODAY()>=0),"⚠️ عقد ينتهي خلال "&(V22-TODAY())&" يوم",IF(AND(W22<>"",W22-TODAY()<=30,W22-TODAY()>=0),"🟡 تجربة تنتهي خلال "&(W22-TODAY())&" يوم",""))))
A23: 19 | B23: EMP019 | C23: Maria Garcia Lopez | D23: فلبينية | E23: التسويق | F23: مصممة جرافيك | G23: نشط | H23: 8500 | I23: 2125 | J23: 750 | K23: =IF(H23<>"",H23+I23+J23,"") -> 11375 | L23: =DATEVALUE("2023-08-01") -> 45139 | M23: =IF(L23<>"",DATEDIF(L23,TODAY(),"Y"),"") -> 2 | N23: 2890123456789 | O23: 501230010 | P23: maria.lopez@techvision.sa | Q23: =IF(B23="","",AC23-IFERROR(SUMIFS('🌴 الإجازات'!$G:$G,'🌴 الإجازات'!$B:$B,B23,'🌴 الإجازات'!$K:$K,"معتمدة"),0)) -> 12 | R23: عبدالملك التميمي | S23: حالياً في إجازة سنوية | T23: محدد المدة | U23: =DATEVALUE("2023-08-01") -> 45139 | V23: =DATEVALUE("2026-07-31") -> 46234 | X23: =DATEVALUE("2026-09-15") -> 46280 | Z23: SA0388889999000011112233 | AA23: ميدغلف - فضي | AB23: =IF(AND(B23<>"",L23<>""),(0.5*H23*MIN(M23,5))+(1*H23*MAX(0,M23-5)),"") -> 8500 | AC23: =IF(B23<>"",IF(IFERROR(M23,0)>=5,LeaveDaysSenior,LeaveDaysJunior),"") -> 21 | AD23: =IF(B23="","",IF(AND(X23<>"",X23-TODAY()<=ExpiryWarnDays,X23-TODAY()>=0),"⚠️ إقامة تنتهي خلال "&(X23-TODAY())&" يوم",IF(AND(V23<>"",V23-TODAY()<=ExpiryWarnDays,V23-TODAY()>=0),"⚠️ عقد ينتهي خلال "&(V23-TODAY())&" يوم",IF(AND(W23<>"",W23-TODAY()<=30,W23-TODAY()>=0),"🟡 تجربة تنتهي خلال "&(W23-TODAY())&" يوم",""))))
A24: 20 | B24: EMP020 | C24: حنان عبدالكريم الخميس | D24: سعودية | E24: الموارد البشرية | F24: مديرة الموارد البشرية | G24: نشط | H24: 16000 | I24: 4000 | J24: 1100 | K24: =IF(H24<>"",H24+I24+J24,"") -> 21100 | L24: =DATEVALUE("2020-11-01") -> 44136 | M24: =IF(L24<>"",DATEDIF(L24,TODAY(),"Y"),"") -> 5 | N24: 2189012345 | O24: 501230011 | P24: hanan.alkhamis@techvision.sa | Q24: =IF(B24="","",AC24-IFERROR(SUMIFS('🌴 الإجازات'!$G:$G,'🌴 الإجازات'!$B:$B,B24,'🌴 الإجازات'!$K:$K,"معتمدة"),0)) -> 30 | R24: فاطمة الزهراني | T24: دائم | U24: =DATEVALUE("2020-11-01") -> 44136 | Y24: 100200300420 | Z24: SA0399990000111122223344 | AA24: بوبا - VIP | AB24: =IF(AND(B24<>"",L24<>""),(0.5*H24*MIN(M24,5))+(1*H24*MAX(0,M24-5)),"") -> 40000 | AC24: =IF(B24<>"",IF(IFERROR(M24,0)>=5,LeaveDaysSenior,LeaveDaysJunior),"") -> 30 | AD24: =IF(B24="","",IF(AND(X24<>"",X24-TODAY()<=ExpiryWarnDays,X24-TODAY()>=0),"⚠️ إقامة تنتهي خلال "&(X24-TODAY())&" يوم",IF(AND(V24<>"",V24-TODAY()<=ExpiryWarnDays,V24-TODAY()>=0),"⚠️ عقد ينتهي خلال "&(V24-TODAY())&" يوم",IF(AND(W24<>"",W24-TODAY()<=30,W24-TODAY()>=0),"🟡 تجربة تنتهي خلال "&(W24-TODAY())&" يوم",""))))
A25: 21 | B25: EMP021 | C25: ريان محمد العسيري | D25: سعودي | E25: الموارد البشرية | F25: أخصائي موارد بشرية | G25: نشط | H25: 8500 | I25: 2125 | J25: 700 | K25: =IF(H25<>"",H25+I25+J25,"") -> 11325 | L25: =DATEVALUE("2023-06-01") -> 45078 | M25: =IF(L25<>"",DATEDIF(L25,TODAY(),"Y"),"") -> 2 | N25: 1190123456 | O25: 501230012 | P25: rayan.alasiri@techvision.sa | Q25: =IF(B25="","",AC25-IFERROR(SUMIFS('🌴 الإجازات'!$G:$G,'🌴 الإجازات'!$B:$B,B25,'🌴 الإجازات'!$K:$K,"معتمدة"),0)) -> 20 | R25: حنان الخميس | T25: دائم | U25: =DATEVALUE("2023-06-01") -> 45078 | Y25: 100200300421 | Z25: SA0300001111222233334455 | AA25: بوبا - فضي | AB25: =IF(AND(B25<>"",L25<>""),(0.5*H25*MIN(M25,5))+(1*H25*MAX(0,M25-5)),"") -> 8500 | AC25: =IF(B25<>"",IF(IFERROR(M25,0)>=5,LeaveDaysSenior,LeaveDaysJunior),"") -> 21 | AD25: =IF(B25="","",IF(AND(X25<>"",X25-TODAY()<=ExpiryWarnDays,X25-TODAY()>=0),"⚠️ إقامة تنتهي خلال "&(X25-TODAY())&" يوم",IF(AND(V25<>"",V25-TODAY()<=ExpiryWarnDays,V25-TODAY()>=0),"⚠️ عقد ينتهي خلال "&(V25-TODAY())&" يوم",IF(AND(W25<>"",W25-TODAY()<=30,W25-TODAY()>=0),"🟡 تجربة تنتهي خلال "&(W25-TODAY())&" يوم",""))))
A26: 22 | B26: EMP022 | C26: عبدالله صالح الراشد | D26: سعودي | E26: المحاسبة | F26: مدير المحاسبة | G26: نشط | H26: 17000 | I26: 4250 | J26: 1100 | K26: =IF(H26<>"",H26+I26+J26,"") -> 22350 | L26: =DATEVALUE("2019-04-20") -> 43575 | M26: =IF(L26<>"",DATEDIF(L26,TODAY(),"Y"),"") -> 7 | N26: 1201234567 | O26: 501230013 | P26: abdullah.alrashid@techvision.sa | Q26: =IF(B26="","",AC26-IFERROR(SUMIFS('🌴 الإجازات'!$G:$G,'🌴 الإجازات'!$B:$B,B26,'🌴 الإجازات'!$K:$K,"معتمدة"),0)) -> 30 | R26: خالد الدوسري | T26: دائم | U26: =DATEVALUE("2019-04-20") -> 43575 | Y26: 100200300422 | Z26: SA0311112222333344445566 | AA26: بوبا - VIP | AB26: =IF(AND(B26<>"",L26<>""),(0.5*H26*MIN(M26,5))+(1*H26*MAX(0,M26-5)),"") -> 76500 | AC26: =IF(B26<>"",IF(IFERROR(M26,0)>=5,LeaveDaysSenior,LeaveDaysJunior),"") -> 30 | AD26: =IF(B26="","",IF(AND(X26<>"",X26-TODAY()<=ExpiryWarnDays,X26-TODAY()>=0),"⚠️ إقامة تنتهي خلال "&(X26-TODAY())&" يوم",IF(AND(V26<>"",V26-TODAY()<=ExpiryWarnDays,V26-TODAY()>=0),"⚠️ عقد ينتهي خلال "&(V26-TODAY())&" يوم",IF(AND(W26<>"",W26-TODAY()<=30,W26-TODAY()>=0),"🟡 تجربة تنتهي خلال "&(W26-TODAY())&" يوم",""))))
A27: 23 | B27: EMP023 | C27: منى عبدالله الجهني | D27: سعودية | E27: المحاسبة | F27: محاسبة أولى | G27: نشط | H27: 9500 | I27: 2375 | J27: 750 | K27: =IF(H27<>"",H27+I27+J27,"") -> 12625 | L27: =DATEVALUE("2022-05-15") -> 44696 | M27: =IF(L27<>"",DATEDIF(L27,TODAY(),"Y"),"") -> 3 | N27: 2212345678 | O27: 501230014 | P27: muna.aljuhani@techvision.sa | Q27: =IF(B27="","",AC27-IFERROR(SUMIFS('🌴 الإجازات'!$G:$G,'🌴 الإجازات'!$B:$B,B27,'🌴 الإجازات'!$K:$K,"معتمدة"),0)) -> 21 | R27: عبدالله الراشد | T27: دائم | U27: =DATEVALUE("2022-05-15") -> 44696 | Y27: 100200300423 | Z27: SA0322223333444455556677 | AA27: بوبا - فضي | AB27: =IF(AND(B27<>"",L27<>""),(0.5*H27*MIN(M27,5))+(1*H27*MAX(0,M27-5)),"") -> 14250 | AC27: =IF(B27<>"",IF(IFERROR(M27,0)>=5,LeaveDaysSenior,LeaveDaysJunior),"") -> 21 | AD27: =IF(B27="","",IF(AND(X27<>"",X27-TODAY()<=ExpiryWarnDays,X27-TODAY()>=0),"⚠️ إقامة تنتهي خلال "&(X27-TODAY())&" يوم",IF(AND(V27<>"",V27-TODAY()<=ExpiryWarnDays,V27-TODAY()>=0),"⚠️ عقد ينتهي خلال "&(V27-TODAY())&" يوم",IF(AND(W27<>"",W27-TODAY()<=30,W27-TODAY()>=0),"🟡 تجربة تنتهي خلال "&(W27-TODAY())&" يوم",""))))
A28: 24 | B28: EMP024 | C28: Hassan Ali Khoury | D28: لبناني | E28: المحاسبة | F28: محاسب | G28: نشط | H28: 8000 | I28: 2000 | J28: 700 | K28: =IF(H28<>"",H28+I28+J28,"") -> 10700 | L28: =DATEVALUE("2024-07-01") -> 45474 | M28: =IF(L28<>"",DATEDIF(L28,TODAY(),"Y"),"") -> 1 | N28: 2901234567890 | O28: 501230015 | P28: hassan.khoury@techvision.sa | Q28: =IF(B28="","",AC28-IFERROR(SUMIFS('🌴 الإجازات'!$G:$G,'🌴 الإجازات'!$B:$B,B28,'🌴 الإجازات'!$K:$K,"معتمدة"),0)) -> 18 | R28: عبدالله الراشد | T28: محدد المدة | U28: =DATEVALUE("2024-07-01") -> 45474 | V28: =DATEVALUE("2027-06-30") -> 46568 | X28: =DATEVALUE("2027-01-10") -> 46397 | Z28: SA0333334444555566667788 | AA28: ميدغلف - فضي | AB28: =IF(AND(B28<>"",L28<>""),(0.5*H28*MIN(M28,5))+(1*H28*MAX(0,M28-5)),"") -> 4000 | AC28: =IF(B28<>"",IF(IFERROR(M28,0)>=5,LeaveDaysSenior,LeaveDaysJunior),"") -> 21 | AD28: =IF(B28="","",IF(AND(X28<>"",X28-TODAY()<=ExpiryWarnDays,X28-TODAY()>=0),"⚠️ إقامة تنتهي خلال "&(X28-TODAY())&" يوم",IF(AND(V28<>"",V28-TODAY()<=ExpiryWarnDays,V28-TODAY()>=0),"⚠️ عقد ينتهي خلال "&(V28-TODAY())&" يوم",IF(AND(W28<>"",W28-TODAY()<=30,W28-TODAY()>=0),"🟡 تجربة تنتهي خلال "&(W28-TODAY())&" يوم",""))))
A29: 25 | B29: EMP025 | C29: ناصر علي الشمراني | D29: سعودي | E29: خدمة العملاء | F29: مشرف خدمة عملاء | G29: نشط | H29: 11000 | I29: 2750 | J29: 900 | K29: =IF(H29<>"",H29+I29+J29,"") -> 14650 | L29: =DATEVALUE("2021-01-15") -> 44211 | M29: =IF(L29<>"",DATEDIF(L29,TODAY(),"Y"),"") -> 5 | N29: 1223456789 | O29: 501230016 | P29: nasser.alshamrani@techvision.sa | Q29: =IF(B29="","",AC29-IFERROR(SUMIFS('🌴 الإجازات'!$G:$G,'🌴 الإجازات'!$B:$B,B29,'🌴 الإجازات'!$K:$K,"معتمدة"),0)) -> 30 | R29: فاطمة الزهراني | T29: دائم | U29: =DATEVALUE("2021-01-15") -> 44211 | Y29: 100200300425 | Z29: SA0344445555666677778899 | AA29: بوبا - VIP | AB29: =IF(AND(B29<>"",L29<>""),(0.5*H29*MIN(M29,5))+(1*H29*MAX(0,M29-5)),"") -> 27500 | AC29: =IF(B29<>"",IF(IFERROR(M29,0)>=5,LeaveDaysSenior,LeaveDaysJunior),"") -> 30 | AD29: =IF(B29="","",IF(AND(X29<>"",X29-TODAY()<=ExpiryWarnDays,X29-TODAY()>=0),"⚠️ إقامة تنتهي خلال "&(X29-TODAY())&" يوم",IF(AND(V29<>"",V29-TODAY()<=ExpiryWarnDays,V29-TODAY()>=0),"⚠️ عقد ينتهي خلال "&(V29-TODAY())&" يوم",IF(AND(W29<>"",W29-TODAY()<=30,W29-TODAY()>=0),"🟡 تجربة تنتهي خلال "&(W29-TODAY())&" يوم",""))))
A30: 26 | B30: EMP026 | C30: عبير ماجد الصاعدي | D30: سعودية | E30: خدمة العملاء | F30: موظفة خدمة عملاء | G30: موقوف | H30: 6500 | I30: 1625 | J30: 500 | K30: =IF(H30<>"",H30+I30+J30,"") -> 8625 | L30: =DATEVALUE("2023-09-01") -> 45170 | M30: =IF(L30<>"",DATEDIF(L30,TODAY(),"Y"),"") -> 2 | N30: 2234567890 | O30: 501230017 | P30: abeer.alsaedi@techvision.sa | Q30: =IF(B30="","",AC30-IFERROR(SUMIFS('🌴 الإجازات'!$G:$G,'🌴 الإجازات'!$B:$B,B30,'🌴 الإجازات'!$K:$K,"معتمدة"),0)) -> 21 | R30: ناصر الشمراني | S30: موقوفة عن العمل من 2026-04-15 لتحقيق إداري | T30: دائم | U30: =DATEVALUE("2023-09-01") -> 45170 | Y30: 100200300426 | Z30: SA0355556666777788889911 | AA30: بوبا - فضي | AB30: =IF(AND(B30<>"",L30<>""),(0.5*H30*MIN(M30,5))+(1*H30*MAX(0,M30-5)),"") -> 6500 | AC30: =IF(B30<>"",IF(IFERROR(M30,0)>=5,LeaveDaysSenior,LeaveDaysJunior),"") -> 21 | AD30: =IF(B30="","",IF(AND(X30<>"",X30-TODAY()<=ExpiryWarnDays,X30-TODAY()>=0),"⚠️ إقامة تنتهي خلال "&(X30-TODAY())&" يوم",IF(AND(V30<>"",V30-TODAY()<=ExpiryWarnDays,V30-TODAY()>=0),"⚠️ عقد ينتهي خلال "&(V30-TODAY())&" يوم",IF(AND(W30<>"",W30-TODAY()<=30,W30-TODAY()>=0),"🟡 تجربة تنتهي خلال "&(W30-TODAY())&" يوم",""))))
A31: 27 | B31: EMP027 | C31: Anwar Singh Rana | D31: هندي | E31: خدمة العملاء | F31: موظف خدمة عملاء | G31: نشط | H31: 5500 | I31: 1375 | J31: 500 | K31: =IF(H31<>"",H31+I31+J31,"") -> 7375 | L31: =DATEVALUE("2024-10-01") -> 45566 | M31: =IF(L31<>"",DATEDIF(L31,TODAY(),"Y"),"") -> 1 | N31: 2912345678901 | O31: 501230018 | P31: anwar.rana@techvision.sa | Q31: =IF(B31="","",AC31-IFERROR(SUMIFS('🌴 الإجازات'!$G:$G,'🌴 الإجازات'!$B:$B,B31,'🌴 الإجازات'!$K:$K,"معتمدة"),0)) -> 21 | R31: ناصر الشمراني | T31: محدد المدة | U31: =DATEVALUE("2024-10-01") -> 45566 | V31: =DATEVALUE("2026-09-30") -> 46295 | X31: =DATEVALUE("2026-07-20") -> 46223 | Z31: SA0366667777888899990022 | AA31: ميدغلف - فضي | AB31: =IF(AND(B31<>"",L31<>""),(0.5*H31*MIN(M31,5))+(1*H31*MAX(0,M31-5)),"") -> 2750 | AC31: =IF(B31<>"",IF(IFERROR(M31,0)>=5,LeaveDaysSenior,LeaveDaysJunior),"") -> 21 | AD31: =IF(B31="","",IF(AND(X31<>"",X31-TODAY()<=ExpiryWarnDays,X31-TODAY()>=0),"⚠️ إقامة تنتهي خلال "&(X31-TODAY())&" يوم",IF(AND(V31<>"",V31-TODAY()<=ExpiryWarnDays,V31-TODAY()>=0),"⚠️ عقد ينتهي خلال "&(V31-TODAY())&" يوم",IF(AND(W31<>"",W31-TODAY()<=30,W31-TODAY()>=0),"🟡 تجربة تنتهي خلال "&(W31-TODAY())&" يوم",""))))
A32: 28 | B32: EMP028 | C32: Sara Mahmoud Ibrahim | D32: مصرية | E32: خدمة العملاء | F32: موظفة خدمة عملاء | G32: نشط | H32: 5500 | I32: 1375 | J32: 500 | K32: =IF(H32<>"",H32+I32+J32,"") -> 7375 | L32: =DATEVALUE("2025-08-15") -> 45884 | M32: =IF(L32<>"",DATEDIF(L32,TODAY(),"Y"),"") -> 0 | N32: 2923456789012 | O32: 501230019 | P32: sara.ibrahim@techvision.sa | Q32: =IF(B32="","",AC32-IFERROR(SUMIFS('🌴 الإجازات'!$G:$G,'🌴 الإجازات'!$B:$B,B32,'🌴 الإجازات'!$K:$K,"معتمدة"),0)) -> 18 | R32: ناصر الشمراني | T32: دائم | U32: =DATEVALUE("2025-08-15") -> 45884 | X32: =DATEVALUE("2027-02-10") -> 46428 | Z32: SA0377778888999900001133 | AA32: ميدغلف - فضي | AB32: =IF(AND(B32<>"",L32<>""),(0.5*H32*MIN(M32,5))+(1*H32*MAX(0,M32-5)),"") -> 0 | AC32: =IF(B32<>"",IF(IFERROR(M32,0)>=5,LeaveDaysSenior,LeaveDaysJunior),"") -> 21 | AD32: =IF(B32="","",IF(AND(X32<>"",X32-TODAY()<=ExpiryWarnDays,X32-TODAY()>=0),"⚠️ إقامة تنتهي خلال "&(X32-TODAY())&" يوم",IF(AND(V32<>"",V32-TODAY()<=ExpiryWarnDays,V32-TODAY()>=0),"⚠️ عقد ينتهي خلال "&(V32-TODAY())&" يوم",IF(AND(W32<>"",W32-TODAY()<=30,W32-TODAY()>=0),"🟡 تجربة تنتهي خلال "&(W32-TODAY())&" يوم",""))))
A33: 29 | B33: EMP029 | C33: بندر مساعد الشهري | D33: سعودي | E33: العمليات | F33: مدير العمليات | G33: نشط | H33: 15000 | I33: 3750 | J33: 1000 | K33: =IF(H33<>"",H33+I33+J33,"") -> 19750 | L33: =DATEVALUE("2020-08-15") -> 44058 | M33: =IF(L33<>"",DATEDIF(L33,TODAY(),"Y"),"") -> 5 | N33: 1245678901 | O33: 501230020 | P33: bandar.alshehri@techvision.sa | Q33: =IF(B33="","",AC33-IFERROR(SUMIFS('🌴 الإجازات'!$G:$G,'🌴 الإجازات'!$B:$B,B33,'🌴 الإجازات'!$K:$K,"معتمدة"),0)) -> 30 | R33: فاطمة الزهراني | T33: دائم | U33: =DATEVALUE("2020-08-15") -> 44058 | Y33: 100200300429 | Z33: SA0388889999000011112233 | AA33: بوبا - VIP | AB33: =IF(AND(B33<>"",L33<>""),(0.5*H33*MIN(M33,5))+(1*H33*MAX(0,M33-5)),"") -> 37500 | AC33: =IF(B33<>"",IF(IFERROR(M33,0)>=5,LeaveDaysSenior,LeaveDaysJunior),"") -> 30 | AD33: =IF(B33="","",IF(AND(X33<>"",X33-TODAY()<=ExpiryWarnDays,X33-TODAY()>=0),"⚠️ إقامة تنتهي خلال "&(X33-TODAY())&" يوم",IF(AND(V33<>"",V33-TODAY()<=ExpiryWarnDays,V33-TODAY()>=0),"⚠️ عقد ينتهي خلال "&(V33-TODAY())&" يوم",IF(AND(W33<>"",W33-TODAY()<=30,W33-TODAY()>=0),"🟡 تجربة تنتهي خلال "&(W33-TODAY())&" يوم",""))))
A34: 30 | B34: EMP030 | C34: ياسر سالم الزهراني | D34: سعودي | E34: العمليات | F34: محلل عمليات | G34: منتهي الخدمة | H34: 8500 | I34: 2125 | J34: 700 | K34: =IF(H34<>"",H34+I34+J34,"") -> 11325 | L34: =DATEVALUE("2022-03-01") -> 44621 | M34: =IF(L34<>"",DATEDIF(L34,TODAY(),"Y"),"") -> 4 | N34: 1256789012 | O34: 501230021 | P34: yasser.alzahrani@techvision.sa | Q34: =IF(B34="","",AC34-IFERROR(SUMIFS('🌴 الإجازات'!$G:$G,'🌴 الإجازات'!$B:$B,B34,'🌴 الإجازات'!$K:$K,"معتمدة"),0)) -> 21 | R34: بندر الشهري | S34: انتهت الخدمة في 2026-04-15 - استقالة | T34: دائم | U34: =DATEVALUE("2022-03-01") -> 44621 | V34: =DATEVALUE("2026-04-15") -> 46127 | Y34: 100200300430 | Z34: SA0399990000111122223344 | AA34: بوبا - فضي | AB34: =IF(AND(B34<>"",L34<>""),(0.5*H34*MIN(M34,5))+(1*H34*MAX(0,M34-5)),"") -> 17000 | AC34: =IF(B34<>"",IF(IFERROR(M34,0)>=5,LeaveDaysSenior,LeaveDaysJunior),"") -> 21 | AD34: =IF(B34="","",IF(AND(X34<>"",X34-TODAY()<=ExpiryWarnDays,X34-TODAY()>=0),"⚠️ إقامة تنتهي خلال "&(X34-TODAY())&" يوم",IF(AND(V34<>"",V34-TODAY()<=ExpiryWarnDays,V34-TODAY()>=0),"⚠️ عقد ينتهي خلال "&(V34-TODAY())&" يوم",IF(AND(W34<>"",W34-TODAY()<=30,W34-TODAY()>=0),"🟡 تجربة تنتهي خلال "&(W34-TODAY())&" يوم",""))))
K35: =IF(H35<>"",H35+I35+J35,"") | M35: =IF(L35<>"",DATEDIF(L35,TODAY(),"Y"),"") | Q35: =IF(B35="","",AC35-IFERROR(SUMIFS('🌴 الإجازات'!$G:$G,'🌴 الإجازات'!$B:$B,B35,'🌴 الإجازات'!$K:$K,"معتمدة"),0)) | AB35: =IF(AND(B35<>"",L35<>""),(0.5*H35*MIN(M35,5))+(1*H35*MAX(0,M35-5)),"") | AC35: =IF(B35<>"",IF(IFERROR(M35,0)>=5,LeaveDaysSenior,LeaveDaysJunior),"") | AD35: =IF(B35="","",IF(AND(X35<>"",X35-TODAY()<=ExpiryWarnDays,X35-TODAY()>=0),"⚠️ إقامة تنتهي خلال "&(X35-TODAY())&" يوم",IF(AND(V35<>"",V35-TODAY()<=ExpiryWarnDays,V35-TODAY()>=0),"⚠️ عقد ينتهي خلال "&(V35-TODAY())&" يوم",IF(AND(W35<>"",W35-TODAY()<=30,W35-TODAY()>=0),"🟡 تجربة تنتهي خلال "&(W35-TODAY())&" يوم",""))))
K36: =IF(H36<>"",H36+I36+J36,"") | M36: =IF(L36<>"",DATEDIF(L36,TODAY(),"Y"),"") | Q36: =IF(B36="","",AC36-IFERROR(SUMIFS('🌴 الإجازات'!$G:$G,'🌴 الإجازات'!$B:$B,B36,'🌴 الإجازات'!$K:$K,"معتمدة"),0)) | AB36: =IF(AND(B36<>"",L36<>""),(0.5*H36*MIN(M36,5))+(1*H36*MAX(0,M36-5)),"") | AC36: =IF(B36<>"",IF(IFERROR(M36,0)>=5,LeaveDaysSenior,LeaveDaysJunior),"") | AD36: =IF(B36="","",IF(AND(X36<>"",X36-TODAY()<=ExpiryWarnDays,X36-TODAY()>=0),"⚠️ إقامة تنتهي خلال "&(X36-TODAY())&" يوم",IF(AND(V36<>"",V36-TODAY()<=ExpiryWarnDays,V36-TODAY()>=0),"⚠️ عقد ينتهي خلال "&(V36-TODAY())&" يوم",IF(AND(W36<>"",W36-TODAY()<=30,W36-TODAY()>=0),"🟡 تجربة تنتهي خلال "&(W36-TODAY())&" يوم",""))))
K37: =IF(H37<>"",H37+I37+J37,"") | M37: =IF(L37<>"",DATEDIF(L37,TODAY(),"Y"),"") | Q37: =IF(B37="","",AC37-IFERROR(SUMIFS('🌴 الإجازات'!$G:$G,'🌴 الإجازات'!$B:$B,B37,'🌴 الإجازات'!$K:$K,"معتمدة"),0)) | AB37: =IF(AND(B37<>"",L37<>""),(0.5*H37*MIN(M37,5))+(1*H37*MAX(0,M37-5)),"") | AC37: =IF(B37<>"",IF(IFERROR(M37,0)>=5,LeaveDaysSenior,LeaveDaysJunior),"") | AD37: =IF(B37="","",IF(AND(X37<>"",X37-TODAY()<=ExpiryWarnDays,X37-TODAY()>=0),"⚠️ إقامة تنتهي خلال "&(X37-TODAY())&" يوم",IF(AND(V37<>"",V37-TODAY()<=ExpiryWarnDays,V37-TODAY()>=0),"⚠️ عقد ينتهي خلال "&(V37-TODAY())&" يوم",IF(AND(W37<>"",W37-TODAY()<=30,W37-TODAY()>=0),"🟡 تجربة تنتهي خلال "&(W37-TODAY())&" يوم",""))))
K38: =IF(H38<>"",H38+I38+J38,"") | M38: =IF(L38<>"",DATEDIF(L38,TODAY(),"Y"),"") | Q38: =IF(B38="","",AC38-IFERROR(SUMIFS('🌴 الإجازات'!$G:$G,'🌴 الإجازات'!$B:$B,B38,'🌴 الإجازات'!$K:$K,"معتمدة"),0)) | AB38: =IF(AND(B38<>"",L38<>""),(0.5*H38*MIN(M38,5))+(1*H38*MAX(0,M38-5)),"") | AC38: =IF(B38<>"",IF(IFERROR(M38,0)>=5,LeaveDaysSenior,LeaveDaysJunior),"") | AD38: =IF(B38="","",IF(AND(X38<>"",X38-TODAY()<=ExpiryWarnDays,X38-TODAY()>=0),"⚠️ إقامة تنتهي خلال "&(X38-TODAY())&" يوم",IF(AND(V38<>"",V38-TODAY()<=ExpiryWarnDays,V38-TODAY()>=0),"⚠️ عقد ينتهي خلال "&(V38-TODAY())&" يوم",IF(AND(W38<>"",W38-TODAY()<=30,W38-TODAY()>=0),"🟡 تجربة تنتهي خلال "&(W38-TODAY())&" يوم",""))))
K39: =IF(H39<>"",H39+I39+J39,"") | M39: =IF(L39<>"",DATEDIF(L39,TODAY(),"Y"),"") | Q39: =IF(B39="","",AC39-IFERROR(SUMIFS('🌴 الإجازات'!$G:$G,'🌴 الإجازات'!$B:$B,B39,'🌴 الإجازات'!$K:$K,"معتمدة"),0)) | AB39: =IF(AND(B39<>"",L39<>""),(0.5*H39*MIN(M39,5))+(1*H39*MAX(0,M39-5)),"") | AC39: =IF(B39<>"",IF(IFERROR(M39,0)>=5,LeaveDaysSenior,LeaveDaysJunior),"") | AD39: =IF(B39="","",IF(AND(X39<>"",X39-TODAY()<=ExpiryWarnDays,X39-TODAY()>=0),"⚠️ إقامة تنتهي خلال "&(X39-TODAY())&" يوم",IF(AND(V39<>"",V39-TODAY()<=ExpiryWarnDays,V39-TODAY()>=0),"⚠️ عقد ينتهي خلال "&(V39-TODAY())&" يوم",IF(AND(W39<>"",W39-TODAY()<=30,W39-TODAY()>=0),"🟡 تجربة تنتهي خلال "&(W39-TODAY())&" يوم",""))))
K40: =IF(H40<>"",H40+I40+J40,"") | M40: =IF(L40<>"",DATEDIF(L40,TODAY(),"Y"),"") | Q40: =IF(B40="","",AC40-IFERROR(SUMIFS('🌴 الإجازات'!$G:$G,'🌴 الإجازات'!$B:$B,B40,'🌴 الإجازات'!$K:$K,"معتمدة"),0)) | AB40: =IF(AND(B40<>"",L40<>""),(0.5*H40*MIN(M40,5))+(1*H40*MAX(0,M40-5)),"") | AC40: =IF(B40<>"",IF(IFERROR(M40,0)>=5,LeaveDaysSenior,LeaveDaysJunior),"") | AD40: =IF(B40="","",IF(AND(X40<>"",X40-TODAY()<=ExpiryWarnDays,X40-TODAY()>=0),"⚠️ إقامة تنتهي خلال "&(X40-TODAY())&" يوم",IF(AND(V40<>"",V40-TODAY()<=ExpiryWarnDays,V40-TODAY()>=0),"⚠️ عقد ينتهي خلال "&(V40-TODAY())&" يوم",IF(AND(W40<>"",W40-TODAY()<=30,W40-TODAY()>=0),"🟡 تجربة تنتهي خلال "&(W40-TODAY())&" يوم",""))))
K41: =IF(H41<>"",H41+I41+J41,"") | M41: =IF(L41<>"",DATEDIF(L41,TODAY(),"Y"),"") | Q41: =IF(B41="","",AC41-IFERROR(SUMIFS('🌴 الإجازات'!$G:$G,'🌴 الإجازات'!$B:$B,B41,'🌴 الإجازات'!$K:$K,"معتمدة"),0)) | AB41: =IF(AND(B41<>"",L41<>""),(0.5*H41*MIN(M41,5))+(1*H41*MAX(0,M41-5)),"") | AC41: =IF(B41<>"",IF(IFERROR(M41,0)>=5,LeaveDaysSenior,LeaveDaysJunior),"") | AD41: =IF(B41="","",IF(AND(X41<>"",X41-TODAY()<=ExpiryWarnDays,X41-TODAY()>=0),"⚠️ إقامة تنتهي خلال "&(X41-TODAY())&" يوم",IF(AND(V41<>"",V41-TODAY()<=ExpiryWarnDays,V41-TODAY()>=0),"⚠️ عقد ينتهي خلال "&(V41-TODAY())&" يوم",IF(AND(W41<>"",W41-TODAY()<=30,W41-TODAY()>=0),"🟡 تجربة تنتهي خلال "&(W41-TODAY())&" يوم",""))))
K42: =IF(H42<>"",H42+I42+J42,"") | M42: =IF(L42<>"",DATEDIF(L42,TODAY(),"Y"),"") | Q42: =IF(B42="","",AC42-IFERROR(SUMIFS('🌴 الإجازات'!$G:$G,'🌴 الإجازات'!$B:$B,B42,'🌴 الإجازات'!$K:$K,"معتمدة"),0)) | AB42: =IF(AND(B42<>"",L42<>""),(0.5*H42*MIN(M42,5))+(1*H42*MAX(0,M42-5)),"") | AC42: =IF(B42<>"",IF(IFERROR(M42,0)>=5,LeaveDaysSenior,LeaveDaysJunior),"") | AD42: =IF(B42="","",IF(AND(X42<>"",X42-TODAY()<=ExpiryWarnDays,X42-TODAY()>=0),"⚠️ إقامة تنتهي خلال "&(X42-TODAY())&" يوم",IF(AND(V42<>"",V42-TODAY()<=ExpiryWarnDays,V42-TODAY()>=0),"⚠️ عقد ينتهي خلال "&(V42-TODAY())&" يوم",IF(AND(W42<>"",W42-TODAY()<=30,W42-TODAY()>=0),"🟡 تجربة تنتهي خلال "&(W42-TODAY())&" يوم",""))))
K43: =IF(H43<>"",H43+I43+J43,"") | M43: =IF(L43<>"",DATEDIF(L43,TODAY(),"Y"),"") | Q43: =IF(B43="","",AC43-IFERROR(SUMIFS('🌴 الإجازات'!$G:$G,'🌴 الإجازات'!$B:$B,B43,'🌴 الإجازات'!$K:$K,"معتمدة"),0)) | AB43: =IF(AND(B43<>"",L43<>""),(0.5*H43*MIN(M43,5))+(1*H43*MAX(0,M43-5)),"") | AC43: =IF(B43<>"",IF(IFERROR(M43,0)>=5,LeaveDaysSenior,LeaveDaysJunior),"") | AD43: =IF(B43="","",IF(AND(X43<>"",X43-TODAY()<=ExpiryWarnDays,X43-TODAY()>=0),"⚠️ إقامة تنتهي خلال "&(X43-TODAY())&" يوم",IF(AND(V43<>"",V43-TODAY()<=ExpiryWarnDays,V43-TODAY()>=0),"⚠️ عقد ينتهي خلال "&(V43-TODAY())&" يوم",IF(AND(W43<>"",W43-TODAY()<=30,W43-TODAY()>=0),"🟡 تجربة تنتهي خلال "&(W43-TODAY())&" يوم",""))))
K44: =IF(H44<>"",H44+I44+J44,"") | M44: =IF(L44<>"",DATEDIF(L44,TODAY(),"Y"),"") | Q44: =IF(B44="","",AC44-IFERROR(SUMIFS('🌴 الإجازات'!$G:$G,'🌴 الإجازات'!$B:$B,B44,'🌴 الإجازات'!$K:$K,"معتمدة"),0)) | AB44: =IF(AND(B44<>"",L44<>""),(0.5*H44*MIN(M44,5))+(1*H44*MAX(0,M44-5)),"") | AC44: =IF(B44<>"",IF(IFERROR(M44,0)>=5,LeaveDaysSenior,LeaveDaysJunior),"") | AD44: =IF(B44="","",IF(AND(X44<>"",X44-TODAY()<=ExpiryWarnDays,X44-TODAY()>=0),"⚠️ إقامة تنتهي خلال "&(X44-TODAY())&" يوم",IF(AND(V44<>"",V44-TODAY()<=ExpiryWarnDays,V44-TODAY()>=0),"⚠️ عقد ينتهي خلال "&(V44-TODAY())&" يوم",IF(AND(W44<>"",W44-TODAY()<=30,W44-TODAY()>=0),"🟡 تجربة تنتهي خلال "&(W44-TODAY())&" يوم",""))))
K45: =IF(H45<>"",H45+I45+J45,"") | M45: =IF(L45<>"",DATEDIF(L45,TODAY(),"Y"),"") | Q45: =IF(B45="","",AC45-IFERROR(SUMIFS('🌴 الإجازات'!$G:$G,'🌴 الإجازات'!$B:$B,B45,'🌴 الإجازات'!$K:$K,"معتمدة"),0)) | AB45: =IF(AND(B45<>"",L45<>""),(0.5*H45*MIN(M45,5))+(1*H45*MAX(0,M45-5)),"") | AC45: =IF(B45<>"",IF(IFERROR(M45,0)>=5,LeaveDaysSenior,LeaveDaysJunior),"") | AD45: =IF(B45="","",IF(AND(X45<>"",X45-TODAY()<=ExpiryWarnDays,X45-TODAY()>=0),"⚠️ إقامة تنتهي خلال "&(X45-TODAY())&" يوم",IF(AND(V45<>"",V45-TODAY()<=ExpiryWarnDays,V45-TODAY()>=0),"⚠️ عقد ينتهي خلال "&(V45-TODAY())&" يوم",IF(AND(W45<>"",W45-TODAY()<=30,W45-TODAY()>=0),"🟡 تجربة تنتهي خلال "&(W45-TODAY())&" يوم",""))))
K46: =IF(H46<>"",H46+I46+J46,"") | M46: =IF(L46<>"",DATEDIF(L46,TODAY(),"Y"),"") | Q46: =IF(B46="","",AC46-IFERROR(SUMIFS('🌴 الإجازات'!$G:$G,'🌴 الإجازات'!$B:$B,B46,'🌴 الإجازات'!$K:$K,"معتمدة"),0)) | AB46: =IF(AND(B46<>"",L46<>""),(0.5*H46*MIN(M46,5))+(1*H46*MAX(0,M46-5)),"") | AC46: =IF(B46<>"",IF(IFERROR(M46,0)>=5,LeaveDaysSenior,LeaveDaysJunior),"") | AD46: =IF(B46="","",IF(AND(X46<>"",X46-TODAY()<=ExpiryWarnDays,X46-TODAY()>=0),"⚠️ إقامة تنتهي خلال "&(X46-TODAY())&" يوم",IF(AND(V46<>"",V46-TODAY()<=ExpiryWarnDays,V46-TODAY()>=0),"⚠️ عقد ينتهي خلال "&(V46-TODAY())&" يوم",IF(AND(W46<>"",W46-TODAY()<=30,W46-TODAY()>=0),"🟡 تجربة تنتهي خلال "&(W46-TODAY())&" يوم",""))))
... K204: =IF(H204<>"",H204+I204+J204,"") | M204: =IF(L204<>"",DATEDIF(L204,TODAY(),"Y"),"") | Q204: =IF(B204="","",AC204-IFERROR(SUMIFS('🌴 الإجازات'!$G:$G,'🌴 الإجازات'!$B:$B,B204,'🌴 الإجازات'!$K:$K,"معتمدة"),0)) | AB204: =IF(AND(B204<>"",L204<>""),(0.5*H204*MIN(M204,5))+(1*H204*MAX(0,M204-5)),"") | AC204: =IF(B204<>"",IF(IFERROR(M204,0)>=5,LeaveDaysSenior,LeaveDaysJunior),"") | AD204: =IF(B204="","",IF(AND(X204<>"",X204-TODAY()<=ExpiryWarnDays,X204-TODAY()>=0),"⚠️ إقامة تنتهي خلال "&(X204-TODAY())&" يوم",IF(AND(V204<>"",V204-TODAY()<=ExpiryWarnDays,V204-TODAY()>=0),"⚠️ عقد ينتهي خلال "&(V204-TODAY())&" يوم",IF(AND(W204<>"",W204-TODAY()<=30,W204-TODAY()>=0),"🟡 تجربة تنتهي خلال "&(W204-TODAY())&" يوم",""))))

Sheet 📅 الحضور
A1: 📅 سجل الحضور والانصراف
A2: Attendance Register — مرتبط تلقائياً بقاعدة بيانات الموظفين
A3: الشهر: | D3: 5 | G3: السنة: | J3: 2026
A4: م | B4: رقم الموظف | C4: اسم الموظف | D4: التاريخ | E4: الحالة | F4: وقت الدخول | G4: وقت الخروج | H4: ساعات العمل | I4: التأخير (دقائق) | J4: ساعات إضافية | K4: ملاحظات | L4: شهر-سنة
A5: 1 | B5: EMP001 | C5: =IFERROR(VLOOKUP(B5,'👥 بيانات الموظفين'!B:C,2,0),"") -> عبدالعزيز محمد العتيبي | D5: =DATEVALUE("2026-04-12") -> 46124 | E5: حاضر | F5: =TIMEVALUE("07:61") -> 0.33402778 | G5: =TIMEVALUE("17:13") -> 0.71736111 | H5: =IFERROR(IF(AND(F5<>"",G5<>""),(G5-F5)*24,""),"") -> 9.2 | I5: =IFERROR(IF(E5="متأخر",MAX(0,(F5-TIME(8,0,0))*1440),0),0) -> 0 | J5: =IFERROR(IF(AND(ISNUMBER(H5),H5>WorkHoursDay),H5-WorkHoursDay,0),0) -> 1.2 | L5: =IF(D5<>"",TEXT(D5,"yyyy-mm"),"") -> 2026-04
A6: 2 | B6: EMP001 | C6: =IFERROR(VLOOKUP(B6,'👥 بيانات الموظفين'!B:C,2,0),"") -> عبدالعزيز محمد العتيبي | D6: =DATEVALUE("2026-04-13") -> 46125 | E6: حاضر | F6: =TIMEVALUE("08:06") -> 0.3375 | G6: =TIMEVALUE("17:12") -> 0.71666667 | H6: =IFERROR(IF(AND(F6<>"",G6<>""),(G6-F6)*24,""),"") -> 9.1 | I6: =IFERROR(IF(E6="متأخر",MAX(0,(F6-TIME(8,0,0))*1440),0),0) -> 0 | J6: =IFERROR(IF(AND(ISNUMBER(H6),H6>WorkHoursDay),H6-WorkHoursDay,0),0) -> 1.1 | L6: =IF(D6<>"",TEXT(D6,"yyyy-mm"),"") -> 2026-04
A7: 3 | B7: EMP001 | C7: =IFERROR(VLOOKUP(B7,'👥 بيانات الموظفين'!B:C,2,0),"") -> عبدالعزيز محمد العتيبي | D7: =DATEVALUE("2026-04-14") -> 46126 | E7: حاضر | F7: =TIMEVALUE("08:06") -> 0.3375 | G7: =TIMEVALUE("17:16") -> 0.71944444 | H7: =IFERROR(IF(AND(F7<>"",G7<>""),(G7-F7)*24,""),"") -> 9.1666667 | I7: =IFERROR(IF(E7="متأخر",MAX(0,(F7-TIME(8,0,0))*1440),0),0) -> 0 | J7: =IFERROR(IF(AND(ISNUMBER(H7),H7>WorkHoursDay),H7-WorkHoursDay,0),0) -> 1.1666667 | L7: =IF(D7<>"",TEXT(D7,"yyyy-mm"),"") -> 2026-04
A8: 4 | B8: EMP001 | C8: =IFERROR(VLOOKUP(B8,'👥 بيانات الموظفين'!B:C,2,0),"") -> عبدالعزيز محمد العتيبي | D8: =DATEVALUE("2026-04-15") -> 46127 | E8: حاضر | F8: =TIMEVALUE("08:02") -> 0.33472222 | G8: =TIMEVALUE("17:13") -> 0.71736111 | H8: =IFERROR(IF(AND(F8<>"",G8<>""),(G8-F8)*24,""),"") -> 9.1833333 | I8: =IFERROR(IF(E8="متأخر",MAX(0,(F8-TIME(8,0,0))*1440),0),0) -> 0 | J8: =IFERROR(IF(AND(ISNUMBER(H8),H8>WorkHoursDay),H8-WorkHoursDay,0),0) -> 1.1833333 | L8: =IF(D8<>"",TEXT(D8,"yyyy-mm"),"") -> 2026-04
A9: 5 | B9: EMP001 | C9: =IFERROR(VLOOKUP(B9,'👥 بيانات الموظفين'!B:C,2,0),"") -> عبدالعزيز محمد العتيبي | D9: =DATEVALUE("2026-04-16") -> 46128 | E9: متأخر | F9: =TIMEVALUE("08:16") -> 0.34444444 | G9: =TIMEVALUE("17:00") -> 0.70833333 | H9: =IFERROR(IF(AND(F9<>"",G9<>""),(G9-F9)*24,""),"") -> 8.7333333 | I9: =IFERROR(IF(E9="متأخر",MAX(0,(F9-TIME(8,0,0))*1440),0),0) -> 16 | J9: =IFERROR(IF(AND(ISNUMBER(H9),H9>WorkHoursDay),H9-WorkHoursDay,0),0) -> 0.73333333 | K9: غياب بدون إذن | L9: =IF(D9<>"",TEXT(D9,"yyyy-mm"),"") -> 2026-04
A10: 6 | B10: EMP001 | C10: =IFERROR(VLOOKUP(B10,'👥 بيانات الموظفين'!B:C,2,0),"") -> عبدالعزيز محمد العتيبي | D10: =DATEVALUE("2026-04-19") -> 46131 | E10: حاضر | F10: =TIMEVALUE("08:06") -> 0.3375 | G10: =TIMEVALUE("17:18") -> 0.72083333 | H10: =IFERROR(IF(AND(F10<>"",G10<>""),(G10-F10)*24,""),"") -> 9.2 | I10: =IFERROR(IF(E10="متأخر",MAX(0,(F10-TIME(8,0,0))*1440),0),0) -> 0 | J10: =IFERROR(IF(AND(ISNUMBER(H10),H10>WorkHoursDay),H10-WorkHoursDay,0),0) -> 1.2 | L10: =IF(D10<>"",TEXT(D10,"yyyy-mm"),"") -> 2026-04
A11: 7 | B11: EMP001 | C11: =IFERROR(VLOOKUP(B11,'👥 بيانات الموظفين'!B:C,2,0),"") -> عبدالعزيز محمد العتيبي | D11: =DATEVALUE("2026-04-20") -> 46132 | E11: حاضر | F11: =TIMEVALUE("08:02") -> 0.33472222 | G11: =TIMEVALUE("17:19") -> 0.72152778 | H11: =IFERROR(IF(AND(F11<>"",G11<>""),(G11-F11)*24,""),"") -> 9.2833333 | I11: =IFERROR(IF(E11="متأخر",MAX(0,(F11-TIME(8,0,0))*1440),0),0) -> 0 | J11: =IFERROR(IF(AND(ISNUMBER(H11),H11>WorkHoursDay),H11-WorkHoursDay,0),0) -> 1.2833333 | L11: =IF(D11<>"",TEXT(D11,"yyyy-mm"),"") -> 2026-04
A12: 8 | B12: EMP001 | C12: =IFERROR(VLOOKUP(B12,'👥 بيانات الموظفين'!B:C,2,0),"") -> عبدالعزيز محمد العتيبي | D12: =DATEVALUE("2026-04-21") -> 46133 | E12: حاضر | F12: =TIMEVALUE("08:06") -> 0.3375 | G12: =TIMEVALUE("17:15") -> 0.71875 | H12: =IFERROR(IF(AND(F12<>"",G12<>""),(G12-F12)*24,""),"") -> 9.15 | I12: =IFERROR(IF(E12="متأخر",MAX(0,(F12-TIME(8,0,0))*1440),0),0) -> 0 | J12: =IFERROR(IF(AND(ISNUMBER(H12),H12>WorkHoursDay),H12-WorkHoursDay,0),0) -> 1.15 | L12: =IF(D12<>"",TEXT(D12,"yyyy-mm"),"") -> 2026-04
A13: 9 | B13: EMP001 | C13: =IFERROR(VLOOKUP(B13,'👥 بيانات الموظفين'!B:C,2,0),"") -> عبدالعزيز محمد العتيبي | D13: =DATEVALUE("2026-04-22") -> 46134 | E13: حاضر | F13: =TIMEVALUE("08:00") -> 0.33333333 | G13: =TIMEVALUE("17:04") -> 0.71111111 | H13: =IFERROR(IF(AND(F13<>"",G13<>""),(G13-F13)*24,""),"") -> 9.0666667 | I13: =IFERROR(IF(E13="متأخر",MAX(0,(F13-TIME(8,0,0))*1440),0),0) -> 0 | J13: =IFERROR(IF(AND(ISNUMBER(H13),H13>WorkHoursDay),H13-WorkHoursDay,0),0) -> 1.0666667 | L13: =IF(D13<>"",TEXT(D13,"yyyy-mm"),"") -> 2026-04
A14: 10 | B14: EMP001 | C14: =IFERROR(VLOOKUP(B14,'👥 بيانات الموظفين'!B:C,2,0),"") -> عبدالعزيز محمد العتيبي | D14: =DATEVALUE("2026-04-23") -> 46135 | E14: حاضر | F14: =TIMEVALUE("08:04") -> 0.33611111 | G14: =TIMEVALUE("17:03") -> 0.71041667 | H14: =IFERROR(IF(AND(F14<>"",G14<>""),(G14-F14)*24,""),"") -> 8.9833333 | I14: =IFERROR(IF(E14="متأخر",MAX(0,(F14-TIME(8,0,0))*1440),0),0) -> 0 | J14: =IFERROR(IF(AND(ISNUMBER(H14),H14>WorkHoursDay),H14-WorkHoursDay,0),0) -> 0.98333333 | L14: =IF(D14<>"",TEXT(D14,"yyyy-mm"),"") -> 2026-04
A15: 11 | B15: EMP001 | C15: =IFERROR(VLOOKUP(B15,'👥 بيانات الموظفين'!B:C,2,0),"") -> عبدالعزيز محمد العتيبي | D15: =DATEVALUE("2026-04-26") -> 46138 | E15: حاضر | F15: =TIMEVALUE("08:04") -> 0.33611111 | G15: =TIMEVALUE("17:15") -> 0.71875 | H15: =IFERROR(IF(AND(F15<>"",G15<>""),(G15-F15)*24,""),"") -> 9.1833333 | I15: =IFERROR(IF(E15="متأخر",MAX(0,(F15-TIME(8,0,0))*1440),0),0) -> 0 | J15: =IFERROR(IF(AND(ISNUMBER(H15),H15>WorkHoursDay),H15-WorkHoursDay,0),0) -> 1.1833333 | L15: =IF(D15<>"",TEXT(D15,"yyyy-mm"),"") -> 2026-04
A16: 12 | B16: EMP001 | C16: =IFERROR(VLOOKUP(B16,'👥 بيانات الموظفين'!B:C,2,0),"") -> عبدالعزيز محمد العتيبي | D16: =DATEVALUE("2026-04-27") -> 46139 | E16: حاضر | F16: =TIMEVALUE("07:58") -> 0.33194444 | G16: =TIMEVALUE("17:08") -> 0.71388889 | H16: =IFERROR(IF(AND(F16<>"",G16<>""),(G16-F16)*24,""),"") -> 9.1666667 | I16: =IFERROR(IF(E16="متأخر",MAX(0,(F16-TIME(8,0,0))*1440),0),0) -> 0 | J16: =IFERROR(IF(AND(ISNUMBER(H16),H16>WorkHoursDay),H16-WorkHoursDay,0),0) -> 1.1666667 | L16: =IF(D16<>"",TEXT(D16,"yyyy-mm"),"") -> 2026-04
A17: 13 | B17: EMP001 | C17: =IFERROR(VLOOKUP(B17,'👥 بيانات الموظفين'!B:C,2,0),"") -> عبدالعزيز محمد العتيبي | D17: =DATEVALUE("2026-04-28") -> 46140 | E17: حاضر | F17: =TIMEVALUE("07:56") -> 0.33055556 | G17: =TIMEVALUE("17:14") -> 0.71805556 | H17: =IFERROR(IF(AND(F17<>"",G17<>""),(G17-F17)*24,""),"") -> 9.3 | I17: =IFERROR(IF(E17="متأخر",MAX(0,(F17-TIME(8,0,0))*1440),0),0) -> 0 | J17: =IFERROR(IF(AND(ISNUMBER(H17),H17>WorkHoursDay),H17-WorkHoursDay,0),0) -> 1.3 | L17: =IF(D17<>"",TEXT(D17,"yyyy-mm"),"") -> 2026-04
A18: 14 | B18: EMP001 | C18: =IFERROR(VLOOKUP(B18,'👥 بيانات الموظفين'!B:C,2,0),"") -> عبدالعزيز محمد العتيبي | D18: =DATEVALUE("2026-04-29") -> 46141 | E18: متأخر | F18: =TIMEVALUE("08:18") -> 0.34583333 | G18: =TIMEVALUE("17:00") -> 0.70833333 | H18: =IFERROR(IF(AND(F18<>"",G18<>""),(G18-F18)*24,""),"") -> 8.7 | I18: =IFERROR(IF(E18="متأخر",MAX(0,(F18-TIME(8,0,0))*1440),0),0) -> 18 | J18: =IFERROR(IF(AND(ISNUMBER(H18),H18>WorkHoursDay),H18-WorkHoursDay,0),0) -> 0.7 | L18: =IF(D18<>"",TEXT(D18,"yyyy-mm"),"") -> 2026-04
A19: 15 | B19: EMP001 | C19: =IFERROR(VLOOKUP(B19,'👥 بيانات الموظفين'!B:C,2,0),"") -> عبدالعزيز محمد العتيبي | D19: =DATEVALUE("2026-04-30") -> 46142 | E19: حاضر | F19: =TIMEVALUE("07:61") -> 0.33402778 | G19: =TIMEVALUE("17:11") -> 0.71597222 | H19: =IFERROR(IF(AND(F19<>"",G19<>""),(G19-F19)*24,""),"") -> 9.1666667 | I19: =IFERROR(IF(E19="متأخر",MAX(0,(F19-TIME(8,0,0))*1440),0),0) -> 0 | J19: =IFERROR(IF(AND(ISNUMBER(H19),H19>WorkHoursDay),H19-WorkHoursDay,0),0) -> 1.1666667 | L19: =IF(D19<>"",TEXT(D19,"yyyy-mm"),"") -> 2026-04
A20: 16 | B20: EMP002 | C20: =IFERROR(VLOOKUP(B20,'👥 بيانات الموظفين'!B:C,2,0),"") -> فاطمة سعد الزهراني | D20: =DATEVALUE("2026-04-12") -> 46124 | E20: حاضر | F20: =TIMEVALUE("08:02") -> 0.33472222 | G20: =TIMEVALUE("17:18") -> 0.72083333 | H20: =IFERROR(IF(AND(F20<>"",G20<>""),(G20-F20)*24,""),"") -> 9.2666667 | I20: =IFERROR(IF(E20="متأخر",MAX(0,(F20-TIME(8,0,0))*1440),0),0) -> 0 | J20: =IFERROR(IF(AND(ISNUMBER(H20),H20>WorkHoursDay),H20-WorkHoursDay,0),0) -> 1.2666667 | L20: =IF(D20<>"",TEXT(D20,"yyyy-mm"),"") -> 2026-04
A21: 17 | B21: EMP002 | C21: =IFERROR(VLOOKUP(B21,'👥 بيانات الموظفين'!B:C,2,0),"") -> فاطمة سعد الزهراني | D21: =DATEVALUE("2026-04-13") -> 46125 | E21: حاضر | F21: =TIMEVALUE("08:03") -> 0.33541667 | G21: =TIMEVALUE("17:01") -> 0.70902778 | H21: =IFERROR(IF(AND(F21<>"",G21<>""),(G21-F21)*24,""),"") -> 8.9666667 | I21: =IFERROR(IF(E21="متأخر",MAX(0,(F21-TIME(8,0,0))*1440),0),0) -> 0 | J21: =IFERROR(IF(AND(ISNUMBER(H21),H21>WorkHoursDay),H21-WorkHoursDay,0),0) -> 0.96666667 | L21: =IF(D21<>"",TEXT(D21,"yyyy-mm"),"") -> 2026-04
A22: 18 | B22: EMP002 | C22: =IFERROR(VLOOKUP(B22,'👥 بيانات الموظفين'!B:C,2,0),"") -> فاطمة سعد الزهراني | D22: =DATEVALUE("2026-04-14") -> 46126 | E22: متأخر | F22: =TIMEVALUE("08:13") -> 0.34236111 | G22: =TIMEVALUE("17:00") -> 0.70833333 | H22: =IFERROR(IF(AND(F22<>"",G22<>""),(G22-F22)*24,""),"") -> 8.7833333 | I22: =IFERROR(IF(E22="متأخر",MAX(0,(F22-TIME(8,0,0))*1440),0),0) -> 13 | J22: =IFERROR(IF(AND(ISNUMBER(H22),H22>WorkHoursDay),H22-WorkHoursDay,0),0) -> 0.78333333 | L22: =IF(D22<>"",TEXT(D22,"yyyy-mm"),"") -> 2026-04
A23: 19 | B23: EMP002 | C23: =IFERROR(VLOOKUP(B23,'👥 بيانات الموظفين'!B:C,2,0),"") -> فاطمة سعد الزهراني | D23: =DATEVALUE("2026-04-15") -> 46127 | E23: حاضر | F23: =TIMEVALUE("07:59") -> 0.33263889 | G23: =TIMEVALUE("17:00") -> 0.70833333 | H23: =IFERROR(IF(AND(F23<>"",G23<>""),(G23-F23)*24,""),"") -> 9.0166667 | I23: =IFERROR(IF(E23="متأخر",MAX(0,(F23-TIME(8,0,0))*1440),0),0) -> 0 | J23: =IFERROR(IF(AND(ISNUMBER(H23),H23>WorkHoursDay),H23-WorkHoursDay,0),0) -> 1.0166667 | L23: =IF(D23<>"",TEXT(D23,"yyyy-mm"),"") -> 2026-04
A24: 20 | B24: EMP002 | C24: =IFERROR(VLOOKUP(B24,'👥 بيانات الموظفين'!B:C,2,0),"") -> فاطمة سعد الزهراني | D24: =DATEVALUE("2026-04-16") -> 46128 | E24: حاضر | F24: =TIMEVALUE("07:58") -> 0.33194444 | G24: =TIMEVALUE("17:01") -> 0.70902778 | H24: =IFERROR(IF(AND(F24<>"",G24<>""),(G24-F24)*24,""),"") -> 9.05 | I24: =IFERROR(IF(E24="متأخر",MAX(0,(F24-TIME(8,0,0))*1440),0),0) -> 0 | J24: =IFERROR(IF(AND(ISNUMBER(H24),H24>WorkHoursDay),H24-WorkHoursDay,0),0) -> 1.05 | L24: =IF(D24<>"",TEXT(D24,"yyyy-mm"),"") -> 2026-04
A25: 21 | B25: EMP002 | C25: =IFERROR(VLOOKUP(B25,'👥 بيانات الموظفين'!B:C,2,0),"") -> فاطمة سعد الزهراني | D25: =DATEVALUE("2026-04-19") -> 46131 | E25: حاضر | F25: =TIMEVALUE("08:07") -> 0.33819444 | G25: =TIMEVALUE("17:16") -> 0.71944444 | H25: =IFERROR(IF(AND(F25<>"",G25<>""),(G25-F25)*24,""),"") -> 9.15 | I25: =IFERROR(IF(E25="متأخر",MAX(0,(F25-TIME(8,0,0))*1440),0),0) -> 0 | J25: =IFERROR(IF(AND(ISNUMBER(H25),H25>WorkHoursDay),H25-WorkHoursDay,0),0) -> 1.15 | L25: =IF(D25<>"",TEXT(D25,"yyyy-mm"),"") -> 2026-04
A26: 22 | B26: EMP002 | C26: =IFERROR(VLOOKUP(B26,'👥 بيانات الموظفين'!B:C,2,0),"") -> فاطمة سعد الزهراني | D26: =DATEVALUE("2026-04-20") -> 46132 | E26: حاضر | F26: =TIMEVALUE("07:55") -> 0.32986111 | G26: =TIMEVALUE("17:06") -> 0.7125 | H26: =IFERROR(IF(AND(F26<>"",G26<>""),(G26-F26)*24,""),"") -> 9.1833333 | I26: =IFERROR(IF(E26="متأخر",MAX(0,(F26-TIME(8,0,0))*1440),0),0) -> 0 | J26: =IFERROR(IF(AND(ISNUMBER(H26),H26>WorkHoursDay),H26-WorkHoursDay,0),0) -> 1.1833333 | L26: =IF(D26<>"",TEXT(D26,"yyyy-mm"),"") -> 2026-04
A27: 23 | B27: EMP002 | C27: =IFERROR(VLOOKUP(B27,'👥 بيانات الموظفين'!B:C,2,0),"") -> فاطمة سعد الزهراني | D27: =DATEVALUE("2026-04-21") -> 46133 | E27: متأخر | F27: =TIMEVALUE("08:10") -> 0.34027778 | G27: =TIMEVALUE("17:00") -> 0.70833333 | H27: =IFERROR(IF(AND(F27<>"",G27<>""),(G27-F27)*24,""),"") -> 8.8333333 | I27: =IFERROR(IF(E27="متأخر",MAX(0,(F27-TIME(8,0,0))*1440),0),0) -> 10 | J27: =IFERROR(IF(AND(ISNUMBER(H27),H27>WorkHoursDay),H27-WorkHoursDay,0),0) -> 0.83333333 | L27: =IF(D27<>"",TEXT(D27,"yyyy-mm"),"") -> 2026-04
A28: 24 | B28: EMP002 | C28: =IFERROR(VLOOKUP(B28,'👥 بيانات الموظفين'!B:C,2,0),"") -> فاطمة سعد الزهراني | D28: =DATEVALUE("2026-04-22") -> 46134 | E28: حاضر | F28: =TIMEVALUE("08:05") -> 0.33680556 | G28: =TIMEVALUE("17:11") -> 0.71597222 | H28: =IFERROR(IF(AND(F28<>"",G28<>""),(G28-F28)*24,""),"") -> 9.1 | I28: =IFERROR(IF(E28="متأخر",MAX(0,(F28-TIME(8,0,0))*1440),0),0) -> 0 | J28: =IFERROR(IF(AND(ISNUMBER(H28),H28>WorkHoursDay),H28-WorkHoursDay,0),0) -> 1.1 | L28: =IF(D28<>"",TEXT(D28,"yyyy-mm"),"") -> 2026-04
A29: 25 | B29: EMP002 | C29: =IFERROR(VLOOKUP(B29,'👥 بيانات الموظفين'!B:C,2,0),"") -> فاطمة سعد الزهراني | D29: =DATEVALUE("2026-04-23") -> 46135 | E29: حاضر | F29: =TIMEVALUE("08:01") -> 0.33402778 | G29: =TIMEVALUE("17:12") -> 0.71666667 | H29: =IFERROR(IF(AND(F29<>"",G29<>""),(G29-F29)*24,""),"") -> 9.1833333 | I29: =IFERROR(IF(E29="متأخر",MAX(0,(F29-TIME(8,0,0))*1440),0),0) -> 0 | J29: =IFERROR(IF(AND(ISNUMBER(H29),H29>WorkHoursDay),H29-WorkHoursDay,0),0) -> 1.1833333 | L29: =IF(D29<>"",TEXT(D29,"yyyy-mm"),"") -> 2026-04
A30: 26 | B30: EMP002 | C30: =IFERROR(VLOOKUP(B30,'👥 بيانات الموظفين'!B:C,2,0),"") -> فاطمة سعد الزهراني | D30: =DATEVALUE("2026-04-26") -> 46138 | E30: حاضر | F30: =TIMEVALUE("07:57") -> 0.33125 | G30: =TIMEVALUE("17:14") -> 0.71805556 | H30: =IFERROR(IF(AND(F30<>"",G30<>""),(G30-F30)*24,""),"") -> 9.2833333 | I30: =IFERROR(IF(E30="متأخر",MAX(0,(F30-TIME(8,0,0))*1440),0),0) -> 0 | J30: =IFERROR(IF(AND(ISNUMBER(H30),H30>WorkHoursDay),H30-WorkHoursDay,0),0) -> 1.2833333 | L30: =IF(D30<>"",TEXT(D30,"yyyy-mm"),"") -> 2026-04
A31: 27 | B31: EMP002 | C31: =IFERROR(VLOOKUP(B31,'👥 بيانات الموظفين'!B:C,2,0),"") -> فاطمة سعد الزهراني | D31: =DATEVALUE("2026-04-27") -> 46139 | E31: متأخر | F31: =TIMEVALUE("08:16") -> 0.34444444 | G31: =TIMEVALUE("17:00") -> 0.70833333 | H31: =IFERROR(IF(AND(F31<>"",G31<>""),(G31-F31)*24,""),"") -> 8.7333333 | I31: =IFERROR(IF(E31="متأخر",MAX(0,(F31-TIME(8,0,0))*1440),0),0) -> 16 | J31: =IFERROR(IF(AND(ISNUMBER(H31),H31>WorkHoursDay),H31-WorkHoursDay,0),0) -> 0.73333333 | L31: =IF(D31<>"",TEXT(D31,"yyyy-mm"),"") -> 2026-04
A32: 28 | B32: EMP002 | C32: =IFERROR(VLOOKUP(B32,'👥 بيانات الموظفين'!B:C,2,0),"") -> فاطمة سعد الزهراني | D32: =DATEVALUE("2026-04-28") -> 46140 | E32: متأخر | F32: =TIMEVALUE("08:13") -> 0.34236111 | G32: =TIMEVALUE("17:00") -> 0.70833333 | H32: =IFERROR(IF(AND(F32<>"",G32<>""),(G32-F32)*24,""),"") -> 8.7833333 | I32: =IFERROR(IF(E32="متأخر",MAX(0,(F32-TIME(8,0,0))*1440),0),0) -> 13 | J32: =IFERROR(IF(AND(ISNUMBER(H32),H32>WorkHoursDay),H32-WorkHoursDay,0),0) -> 0.78333333 | L32: =IF(D32<>"",TEXT(D32,"yyyy-mm"),"") -> 2026-04
A33: 29 | B33: EMP002 | C33: =IFERROR(VLOOKUP(B33,'👥 بيانات الموظفين'!B:C,2,0),"") -> فاطمة سعد الزهراني | D33: =DATEVALUE("2026-04-29") -> 46141 | E33: حاضر | F33: =TIMEVALUE("07:53") -> 0.32847222 | G33: =TIMEVALUE("17:14") -> 0.71805556 | H33: =IFERROR(IF(AND(F33<>"",G33<>""),(G33-F33)*24,""),"") -> 9.35 | I33: =IFERROR(IF(E33="متأخر",MAX(0,(F33-TIME(8,0,0))*1440),0),0) -> 0 | J33: =IFERROR(IF(AND(ISNUMBER(H33),H33>WorkHoursDay),H33-WorkHoursDay,0),0) -> 1.35 | L33: =IF(D33<>"",TEXT(D33,"yyyy-mm"),"") -> 2026-04
A34: 30 | B34: EMP002 | C34: =IFERROR(VLOOKUP(B34,'👥 بيانات الموظفين'!B:C,2,0),"") -> فاطمة سعد الزهراني | D34: =DATEVALUE("2026-04-30") -> 46142 | E34: حاضر | F34: =TIMEVALUE("07:58") -> 0.33194444 | G34: =TIMEVALUE("17:10") -> 0.71527778 | H34: =IFERROR(IF(AND(F34<>"",G34<>""),(G34-F34)*24,""),"") -> 9.2 | I34: =IFERROR(IF(E34="متأخر",MAX(0,(F34-TIME(8,0,0))*1440),0),0) -> 0 | J34: =IFERROR(IF(AND(ISNUMBER(H34),H34>WorkHoursDay),H34-WorkHoursDay,0),0) -> 1.2 | L34: =IF(D34<>"",TEXT(D34,"yyyy-mm"),"") -> 2026-04
A35: 31 | B35: EMP003 | C35: =IFERROR(VLOOKUP(B35,'👥 بيانات الموظفين'!B:C,2,0),"") -> خالد عبدالرحمن الدوسري | D35: =DATEVALUE("2026-04-12") -> 46124 | E35: حاضر | F35: =TIMEVALUE("07:61") -> 0.33402778 | G35: =TIMEVALUE("17:02") -> 0.70972222 | H35: =IFERROR(IF(AND(F35<>"",G35<>""),(G35-F35)*24,""),"") -> 9.0166667 | I35: =IFERROR(IF(E35="متأخر",MAX(0,(F35-TIME(8,0,0))*1440),0),0) -> 0 | J35: =IFERROR(IF(AND(ISNUMBER(H35),H35>WorkHoursDay),H35-WorkHoursDay,0),0) -> 1.0166667 | L35: =IF(D35<>"",TEXT(D35,"yyyy-mm"),"") -> 2026-04
A36: 32 | B36: EMP003 | C36: =IFERROR(VLOOKUP(B36,'👥 بيانات الموظفين'!B:C,2,0),"") -> خالد عبدالرحمن الدوسري | D36: =DATEVALUE("2026-04-13") -> 46125 | E36: حاضر | F36: =TIMEVALUE("08:05") -> 0.33680556 | G36: =TIMEVALUE("17:16") -> 0.71944444 | H36: =IFERROR(IF(AND(F36<>"",G36<>""),(G36-F36)*24,""),"") -> 9.1833333 | I36: =IFERROR(IF(E36="متأخر",MAX(0,(F36-TIME(8,0,0))*1440),0),0) -> 0 | J36: =IFERROR(IF(AND(ISNUMBER(H36),H36>WorkHoursDay),H36-WorkHoursDay,0),0) -> 1.1833333 | L36: =IF(D36<>"",TEXT(D36,"yyyy-mm"),"") -> 2026-04
A37: 33 | B37: EMP003 | C37: =IFERROR(VLOOKUP(B37,'👥 بيانات الموظفين'!B:C,2,0),"") -> خالد عبدالرحمن الدوسري | D37: =DATEVALUE("2026-04-14") -> 46126 | E37: حاضر | F37: =TIMEVALUE("07:60") -> 0.33333333 | G37: =TIMEVALUE("17:12") -> 0.71666667 | H37: =IFERROR(IF(AND(F37<>"",G37<>""),(G37-F37)*24,""),"") -> 9.2 | I37: =IFERROR(IF(E37="متأخر",MAX(0,(F37-TIME(8,0,0))*1440),0),0) -> 0 | J37: =IFERROR(IF(AND(ISNUMBER(H37),H37>WorkHoursDay),H37-WorkHoursDay,0),0) -> 1.2 | L37: =IF(D37<>"",TEXT(D37,"yyyy-mm"),"") -> 2026-04
A38: 34 | B38: EMP003 | C38: =IFERROR(VLOOKUP(B38,'👥 بيانات الموظفين'!B:C,2,0),"") -> خالد عبدالرحمن الدوسري | D38: =DATEVALUE("2026-04-15") -> 46127 | E38: حاضر | F38: =TIMEVALUE("08:07") -> 0.33819444 | G38: =TIMEVALUE("17:08") -> 0.71388889 | H38: =IFERROR(IF(AND(F38<>"",G38<>""),(G38-F38)*24,""),"") -> 9.0166667 | I38: =IFERROR(IF(E38="متأخر",MAX(0,(F38-TIME(8,0,0))*1440),0),0) -> 0 | J38: =IFERROR(IF(AND(ISNUMBER(H38),H38>WorkHoursDay),H38-WorkHoursDay,0),0) -> 1.0166667 | L38: =IF(D38<>"",TEXT(D38,"yyyy-mm"),"") -> 2026-04
A39: 35 | B39: EMP003 | C39: =IFERROR(VLOOKUP(B39,'👥 بيانات الموظفين'!B:C,2,0),"") -> خالد عبدالرحمن الدوسري | D39: =DATEVALUE("2026-04-16") -> 46128 | E39: حاضر | F39: =TIMEVALUE("08:03") -> 0.33541667 | G39: =TIMEVALUE("17:06") -> 0.7125 | H39: =IFERROR(IF(AND(F39<>"",G39<>""),(G39-F39)*24,""),"") -> 9.05 | I39: =IFERROR(IF(E39="متأخر",MAX(0,(F39-TIME(8,0,0))*1440),0),0) -> 0 | J39: =IFERROR(IF(AND(ISNUMBER(H39),H39>WorkHoursDay),H39-WorkHoursDay,0),0) -> 1.05 | L39: =IF(D39<>"",TEXT(D39,"yyyy-mm"),"") -> 2026-04
A40: 36 | B40: EMP003 | C40: =IFERROR(VLOOKUP(B40,'👥 بيانات الموظفين'!B:C,2,0),"") -> خالد عبدالرحمن الدوسري | D40: =DATEVALUE("2026-04-19") -> 46131 | E40: حاضر | F40: =TIMEVALUE("07:53") -> 0.32847222 | G40: =TIMEVALUE("17:08") -> 0.71388889 | H40: =IFERROR(IF(AND(F40<>"",G40<>""),(G40-F40)*24,""),"") -> 9.25 | I40: =IFERROR(IF(E40="متأخر",MAX(0,(F40-TIME(8,0,0))*1440),0),0) -> 0 | J40: =IFERROR(IF(AND(ISNUMBER(H40),H40>WorkHoursDay),H40-WorkHoursDay,0),0) -> 1.25 | L40: =IF(D40<>"",TEXT(D40,"yyyy-mm"),"") -> 2026-04
A41: 37 | B41: EMP003 | C41: =IFERROR(VLOOKUP(B41,'👥 بيانات الموظفين'!B:C,2,0),"") -> خالد عبدالرحمن الدوسري | D41: =DATEVALUE("2026-04-20") -> 46132 | E41: حاضر | F41: =TIMEVALUE("07:58") -> 0.33194444 | G41: =TIMEVALUE("17:16") -> 0.71944444 | H41: =IFERROR(IF(AND(F41<>"",G41<>""),(G41-F41)*24,""),"") -> 9.3 | I41: =IFERROR(IF(E41="متأخر",MAX(0,(F41-TIME(8,0,0))*1440),0),0) -> 0 | J41: =IFERROR(IF(AND(ISNUMBER(H41),H41>WorkHoursDay),H41-WorkHoursDay,0),0) -> 1.3 | L41: =IF(D41<>"",TEXT(D41,"yyyy-mm"),"") -> 2026-04
A42: 38 | B42: EMP003 | C42: =IFERROR(VLOOKUP(B42,'👥 بيانات الموظفين'!B:C,2,0),"") -> خالد عبدالرحمن الدوسري | D42: =DATEVALUE("2026-04-21") -> 46133 | E42: حاضر | F42: =TIMEVALUE("07:57") -> 0.33125 | G42: =TIMEVALUE("17:06") -> 0.7125 | H42: =IFERROR(IF(AND(F42<>"",G42<>""),(G42-F42)*24,""),"") -> 9.15 | I42: =IFERROR(IF(E42="متأخر",MAX(0,(F42-TIME(8,0,0))*1440),0),0) -> 0 | J42: =IFERROR(IF(AND(ISNUMBER(H42),H42>WorkHoursDay),H42-WorkHoursDay,0),0) -> 1.15 | L42: =IF(D42<>"",TEXT(D42,"yyyy-mm"),"") -> 2026-04
A43: 39 | B43: EMP003 | C43: =IFERROR(VLOOKUP(B43,'👥 بيانات الموظفين'!B:C,2,0),"") -> خالد عبدالرحمن الدوسري | D43: =DATEVALUE("2026-04-22") -> 46134 | E43: حاضر | F43: =TIMEVALUE("08:07") -> 0.33819444 | G43: =TIMEVALUE("17:08") -> 0.71388889 | H43: =IFERROR(IF(AND(F43<>"",G43<>""),(G43-F43)*24,""),"") -> 9.0166667 | I43: =IFERROR(IF(E43="متأخر",MAX(0,(F43-TIME(8,0,0))*1440),0),0) -> 0 | J43: =IFERROR(IF(AND(ISNUMBER(H43),H43>WorkHoursDay),H43-WorkHoursDay,0),0) -> 1.0166667 | L43: =IF(D43<>"",TEXT(D43,"yyyy-mm"),"") -> 2026-04
A44: 40 | B44: EMP003 | C44: =IFERROR(VLOOKUP(B44,'👥 بيانات الموظفين'!B:C,2,0),"") -> خالد عبدالرحمن الدوسري | D44: =DATEVALUE("2026-04-23") -> 46135 | E44: حاضر | F44: =TIMEVALUE("07:59") -> 0.33263889 | G44: =TIMEVALUE("17:17") -> 0.72013889 | H44: =IFERROR(IF(AND(F44<>"",G44<>""),(G44-F44)*24,""),"") -> 9.3 | I44: =IFERROR(IF(E44="متأخر",MAX(0,(F44-TIME(8,0,0))*1440),0),0) -> 0 | J44: =IFERROR(IF(AND(ISNUMBER(H44),H44>WorkHoursDay),H44-WorkHoursDay,0),0) -> 1.3 | L44: =IF(D44<>"",TEXT(D44,"yyyy-mm"),"") -> 2026-04
A45: 41 | B45: EMP003 | C45: =IFERROR(VLOOKUP(B45,'👥 بيانات الموظفين'!B:C,2,0),"") -> خالد عبدالرحمن الدوسري | D45: =DATEVALUE("2026-04-26") -> 46138 | E45: حاضر | F45: =TIMEVALUE("07:54") -> 0.32916667 | G45: =TIMEVALUE("17:12") -> 0.71666667 | H45: =IFERROR(IF(AND(F45<>"",G45<>""),(G45-F45)*24,""),"") -> 9.3 | I45: =IFERROR(IF(E45="متأخر",MAX(0,(F45-TIME(8,0,0))*1440),0),0) -> 0 | J45: =IFERROR(IF(AND(ISNUMBER(H45),H45>WorkHoursDay),H45-WorkHoursDay,0),0) -> 1.3 | L45: =IF(D45<>"",TEXT(D45,"yyyy-mm"),"") -> 2026-04
A46: 42 | B46: EMP003 | C46: =IFERROR(VLOOKUP(B46,'👥 بيانات الموظفين'!B:C,2,0),"") -> خالد عبدالرحمن الدوسري | D46: =DATEVALUE("2026-04-27") -> 46139 | E46: حاضر | F46: =TIMEVALUE("08:03") -> 0.33541667 | G46: =TIMEVALUE("17:00") -> 0.70833333 | H46: =IFERROR(IF(AND(F46<>"",G46<>""),(G46-F46)*24,""),"") -> 8.95 | I46: =IFERROR(IF(E46="متأخر",MAX(0,(F46-TIME(8,0,0))*1440),0),0) -> 0 | J46: =IFERROR(IF(AND(ISNUMBER(H46),H46>WorkHoursDay),H46-WorkHoursDay,0),0) -> 0.95 | L46: =IF(D46<>"",TEXT(D46,"yyyy-mm"),"") -> 2026-04
A47: 43 | B47: EMP003 | C47: =IFERROR(VLOOKUP(B47,'👥 بيانات الموظفين'!B:C,2,0),"") -> خالد عبدالرحمن الدوسري | D47: =DATEVALUE("2026-04-28") -> 46140 | E47: حاضر | F47: =TIMEVALUE("08:00") -> 0.33333333 | G47: =TIMEVALUE("17:07") -> 0.71319444 | H47: =IFERROR(IF(AND(F47<>"",G47<>""),(G47-F47)*24,""),"") -> 9.1166667 | I47: =IFERROR(IF(E47="متأخر",MAX(0,(F47-TIME(8,0,0))*1440),0),0) -> 0 | J47: =IFERROR(IF(AND(ISNUMBER(H47),H47>WorkHoursDay),H47-WorkHoursDay,0),0) -> 1.1166667 | L47: =IF(D47<>"",TEXT(D47,"yyyy-mm"),"") -> 2026-04
A48: 44 | B48: EMP003 | C48: =IFERROR(VLOOKUP(B48,'👥 بيانات الموظفين'!B:C,2,0),"") -> خالد عبدالرحمن الدوسري | D48: =DATEVALUE("2026-04-29") -> 46141 | E48: حاضر | F48: =TIMEVALUE("07:55") -> 0.32986111 | G48: =TIMEVALUE("17:12") -> 0.71666667 | H48: =IFERROR(IF(AND(F48<>"",G48<>""),(G48-F48)*24,""),"") -> 9.2833333 | I48: =IFERROR(IF(E48="متأخر",MAX(0,(F48-TIME(8,0,0))*1440),0),0) -> 0 | J48: =IFERROR(IF(AND(ISNUMBER(H48),H48>WorkHoursDay),H48-WorkHoursDay,0),0) -> 1.2833333 | L48: =IF(D48<>"",TEXT(D48,"yyyy-mm"),"") -> 2026-04
A49: 45 | B49: EMP003 | C49: =IFERROR(VLOOKUP(B49,'👥 بيانات الموظفين'!B:C,2,0),"") -> خالد عبدالرحمن الدوسري | D49: =DATEVALUE("2026-04-30") -> 46142 | E49: حاضر | F49: =TIMEVALUE("08:04") -> 0.33611111 | G49: =TIMEVALUE("17:05") -> 0.71180556 | H49: =IFERROR(IF(AND(F49<>"",G49<>""),(G49-F49)*24,""),"") -> 9.0166667 | I49: =IFERROR(IF(E49="متأخر",MAX(0,(F49-TIME(8,0,0))*1440),0),0) -> 0 | J49: =IFERROR(IF(AND(ISNUMBER(H49),H49>WorkHoursDay),H49-WorkHoursDay,0),0) -> 1.0166667 | L49: =IF(D49<>"",TEXT(D49,"yyyy-mm"),"") -> 2026-04
A50: 46 | B50: EMP004 | C50: =IFERROR(VLOOKUP(B50,'👥 بيانات الموظفين'!B:C,2,0),"") -> سلطان فيصل القحطاني | D50: =DATEVALUE("2026-04-12") -> 46124 | E50: حاضر | F50: =TIMEVALUE("07:58") -> 0.33194444 | G50: =TIMEVALUE("17:12") -> 0.71666667 | H50: =IFERROR(IF(AND(F50<>"",G50<>""),(G50-F50)*24,""),"") -> 9.2333333 | I50: =IFERROR(IF(E50="متأخر",MAX(0,(F50-TIME(8,0,0))*1440),0),0) -> 0 | J50: =IFERROR(IF(AND(ISNUMBER(H50),H50>WorkHoursDay),H50-WorkHoursDay,0),0) -> 1.2333333 | L50: =IF(D50<>"",TEXT(D50,"yyyy-mm"),"") -> 2026-04
A51: 47 | B51: EMP004 | C51: =IFERROR(VLOOKUP(B51,'👥 بيانات الموظفين'!B:C,2,0),"") -> سلطان فيصل القحطاني | D51: =DATEVALUE("2026-04-13") -> 46125 | E51: حاضر | F51: =TIMEVALUE("07:58") -> 0.33194444 | G51: =TIMEVALUE("17:16") -> 0.71944444 | H51: =IFERROR(IF(AND(F51<>"",G51<>""),(G51-F51)*24,""),"") -> 9.3 | I51: =IFERROR(IF(E51="متأخر",MAX(0,(F51-TIME(8,0,0))*1440),0),0) -> 0 | J51: =IFERROR(IF(AND(ISNUMBER(H51),H51>WorkHoursDay),H51-WorkHoursDay,0),0) -> 1.3 | L51: =IF(D51<>"",TEXT(D51,"yyyy-mm"),"") -> 2026-04
A52: 48 | B52: EMP004 | C52: =IFERROR(VLOOKUP(B52,'👥 بيانات الموظفين'!B:C,2,0),"") -> سلطان فيصل القحطاني | D52: =DATEVALUE("2026-04-14") -> 46126 | E52: حاضر | F52: =TIMEVALUE("07:54") -> 0.32916667 | G52: =TIMEVALUE("17:18") -> 0.72083333 | H52: =IFERROR(IF(AND(F52<>"",G52<>""),(G52-F52)*24,""),"") -> 9.4 | I52: =IFERROR(IF(E52="متأخر",MAX(0,(F52-TIME(8,0,0))*1440),0),0) -> 0 | J52: =IFERROR(IF(AND(ISNUMBER(H52),H52>WorkHoursDay),H52-WorkHoursDay,0),0) -> 1.4 | L52: =IF(D52<>"",TEXT(D52,"yyyy-mm"),"") -> 2026-04
A53: 49 | B53: EMP004 | C53: =IFERROR(VLOOKUP(B53,'👥 بيانات الموظفين'!B:C,2,0),"") -> سلطان فيصل القحطاني | D53: =DATEVALUE("2026-04-15") -> 46127 | E53: حاضر | F53: =TIMEVALUE("07:56") -> 0.33055556 | G53: =TIMEVALUE("17:00") -> 0.70833333 | H53: =IFERROR(IF(AND(F53<>"",G53<>""),(G53-F53)*24,""),"") -> 9.0666667 | I53: =IFERROR(IF(E53="متأخر",MAX(0,(F53-TIME(8,0,0))*1440),0),0) -> 0 | J53: =IFERROR(IF(AND(ISNUMBER(H53),H53>WorkHoursDay),H53-WorkHoursDay,0),0) -> 1.0666667 | L53: =IF(D53<>"",TEXT(D53,"yyyy-mm"),"") -> 2026-04
A54: 50 | B54: EMP004 | C54: =IFERROR(VLOOKUP(B54,'👥 بيانات الموظفين'!B:C,2,0),"") -> سلطان فيصل القحطاني | D54: =DATEVALUE("2026-04-16") -> 46128 | E54: حاضر | F54: =TIMEVALUE("08:00") -> 0.33333333 | G54: =TIMEVALUE("17:02") -> 0.70972222 | H54: =IFERROR(IF(AND(F54<>"",G54<>""),(G54-F54)*24,""),"") -> 9.0333333 | I54: =IFERROR(IF(E54="متأخر",MAX(0,(F54-TIME(8,0,0))*1440),0),0) -> 0 | J54: =IFERROR(IF(AND(ISNUMBER(H54),H54>WorkHoursDay),H54-WorkHoursDay,0),0) -> 1.0333333 | L54: =IF(D54<>"",TEXT(D54,"yyyy-mm"),"") -> 2026-04
A55: 51 | B55: EMP004 | C55: =IFERROR(VLOOKUP(B55,'👥 بيانات الموظفين'!B:C,2,0),"") -> سلطان فيصل القحطاني | D55: =DATEVALUE("2026-04-19") -> 46131 | E55: حاضر | F55: =TIMEVALUE("07:58") -> 0.33194444 | G55: =TIMEVALUE("17:13") -> 0.71736111 | H55: =IFERROR(IF(AND(F55<>"",G55<>""),(G55-F55)*24,""),"") -> 9.25 | I55: =IFERROR(IF(E55="متأخر",MAX(0,(F55-TIME(8,0,0))*1440),0),0) -> 0 | J55: =IFERROR(IF(AND(ISNUMBER(H55),H55>WorkHoursDay),H55-WorkHoursDay,0),0) -> 1.25 | L55: =IF(D55<>"",TEXT(D55,"yyyy-mm"),"") -> 2026-04
A56: 52 | B56: EMP004 | C56: =IFERROR(VLOOKUP(B56,'👥 بيانات الموظفين'!B:C,2,0),"") -> سلطان فيصل القحطاني | D56: =DATEVALUE("2026-04-20") -> 46132 | E56: حاضر | F56: =TIMEVALUE("07:61") -> 0.33402778 | G56: =TIMEVALUE("17:09") -> 0.71458333 | H56: =IFERROR(IF(AND(F56<>"",G56<>""),(G56-F56)*24,""),"") -> 9.1333333 | I56: =IFERROR(IF(E56="متأخر",MAX(0,(F56-TIME(8,0,0))*1440),0),0) -> 0 | J56: =IFERROR(IF(AND(ISNUMBER(H56),H56>WorkHoursDay),H56-WorkHoursDay,0),0) -> 1.1333333 | L56: =IF(D56<>"",TEXT(D56,"yyyy-mm"),"") -> 2026-04
A57: 53 | B57: EMP004 | C57: =IFERROR(VLOOKUP(B57,'👥 بيانات الموظفين'!B:C,2,0),"") -> سلطان فيصل القحطاني | D57: =DATEVALUE("2026-04-21") -> 46133 | E57: حاضر | F57: =TIMEVALUE("08:06") -> 0.3375 | G57: =TIMEVALUE("17:11") -> 0.71597222 | H57: =IFERROR(IF(AND(F57<>"",G57<>""),(G57-F57)*24,""),"") -> 9.0833333 | I57: =IFERROR(IF(E57="متأخر",MAX(0,(F57-TIME(8,0,0))*1440),0),0) -> 0 | J57: =IFERROR(IF(AND(ISNUMBER(H57),H57>WorkHoursDay),H57-WorkHoursDay,0),0) -> 1.0833333 | L57: =IF(D57<>"",TEXT(D57,"yyyy-mm"),"") -> 2026-04
A58: 54 | B58: EMP004 | C58: =IFERROR(VLOOKUP(B58,'👥 بيانات الموظفين'!B:C,2,0),"") -> سلطان فيصل القحطاني | D58: =DATEVALUE("2026-04-22") -> 46134 | E58: متأخر | F58: =TIMEVALUE("08:15") -> 0.34375 | G58: =TIMEVALUE("17:00") -> 0.70833333 | H58: =IFERROR(IF(AND(F58<>"",G58<>""),(G58-F58)*24,""),"") -> 8.75 | I58: =IFERROR(IF(E58="متأخر",MAX(0,(F58-TIME(8,0,0))*1440),0),0) -> 15 | J58: =IFERROR(IF(AND(ISNUMBER(H58),H58>WorkHoursDay),H58-WorkHoursDay,0),0) -> 0.75 | L58: =IF(D58<>"",TEXT(D58,"yyyy-mm"),"") -> 2026-04
A59: 55 | B59: EMP004 | C59: =IFERROR(VLOOKUP(B59,'👥 بيانات الموظفين'!B:C,2,0),"") -> سلطان فيصل القحطاني | D59: =DATEVALUE("2026-04-23") -> 46135 | E59: حاضر | F59: =TIMEVALUE("08:00") -> 0.33333333 | G59: =TIMEVALUE("17:18") -> 0.72083333 | H59: =IFERROR(IF(AND(F59<>"",G59<>""),(G59-F59)*24,""),"") -> 9.3 | I59: =IFERROR(IF(E59="متأخر",MAX(0,(F59-TIME(8,0,0))*1440),0),0) -> 0 | J59: =IFERROR(IF(AND(ISNUMBER(H59),H59>WorkHoursDay),H59-WorkHoursDay,0),0) -> 1.3 | L59: =IF(D59<>"",TEXT(D59,"yyyy-mm"),"") -> 2026-04
A60: 56 | B60: EMP004 | C60: =IFERROR(VLOOKUP(B60,'👥 بيانات الموظفين'!B:C,2,0),"") -> سلطان فيصل القحطاني | D60: =DATEVALUE("2026-04-26") -> 46138 | E60: حاضر | F60: =TIMEVALUE("08:02") -> 0.33472222 | G60: =TIMEVALUE("17:11") -> 0.71597222 | H60: =IFERROR(IF(AND(F60<>"",G60<>""),(G60-F60)*24,""),"") -> 9.15 | I60: =IFERROR(IF(E60="متأخر",MAX(0,(F60-TIME(8,0,0))*1440),0),0) -> 0 | J60: =IFERROR(IF(AND(ISNUMBER(H60),H60>WorkHoursDay),H60-WorkHoursDay,0),0) -> 1.15 | L60: =IF(D60<>"",TEXT(D60,"yyyy-mm"),"") -> 2026-04
A61: 57 | B61: EMP004 | C61: =IFERROR(VLOOKUP(B61,'👥 بيانات الموظفين'!B:C,2,0),"") -> سلطان فيصل القحطاني | D61: =DATEVALUE("2026-04-27") -> 46139 | E61: حاضر | F61: =TIMEVALUE("08:00") -> 0.33333333 | G61: =TIMEVALUE("17:15") -> 0.71875 | H61: =IFERROR(IF(AND(F61<>"",G61<>""),(G61-F61)*24,""),"") -> 9.25 | I61: =IFERROR(IF(E61="متأخر",MAX(0,(F61-TIME(8,0,0))*1440),0),0) -> 0 | J61: =IFERROR(IF(AND(ISNUMBER(H61),H61>WorkHoursDay),H61-WorkHoursDay,0),0) -> 1.25 | L61: =IF(D61<>"",TEXT(D61,"yyyy-mm"),"") -> 2026-04
A62: 58 | B62: EMP004 | C62: =IFERROR(VLOOKUP(B62,'👥 بيانات الموظفين'!B:C,2,0),"") -> سلطان فيصل القحطاني | D62: =DATEVALUE("2026-04-28") -> 46140 | E62: حاضر | F62: =TIMEVALUE("08:00") -> 0.33333333 | G62: =TIMEVALUE("17:01") -> 0.70902778 | H62: =IFERROR(IF(AND(F62<>"",G62<>""),(G62-F62)*24,""),"") -> 9.0166667 | I62: =IFERROR(IF(E62="متأخر",MAX(0,(F62-TIME(8,0,0))*1440),0),0) -> 0 | J62: =IFERROR(IF(AND(ISNUMBER(H62),H62>WorkHoursDay),H62-WorkHoursDay,0),0) -> 1.0166667 | L62: =IF(D62<>"",TEXT(D62,"yyyy-mm"),"") -> 2026-04
A63: 59 | B63: EMP004 | C63: =IFERROR(VLOOKUP(B63,'👥 بيانات الموظفين'!B:C,2,0),"") -> سلطان فيصل القحطاني | D63: =DATEVALUE("2026-04-29") -> 46141 | E63: حاضر | F63: =TIMEVALUE("08:07") -> 0.33819444 | G63: =TIMEVALUE("17:08") -> 0.71388889 | H63: =IFERROR(IF(AND(F63<>"",G63<>""),(G63-F63)*24,""),"") -> 9.0166667 | I63: =IFERROR(IF(E63="متأخر",MAX(0,(F63-TIME(8,0,0))*1440),0),0) -> 0 | J63: =IFERROR(IF(AND(ISNUMBER(H63),H63>WorkHoursDay),H63-WorkHoursDay,0),0) -> 1.0166667 | L63: =IF(D63<>"",TEXT(D63,"yyyy-mm"),"") -> 2026-04
A64: 60 | B64: EMP004 | C64: =IFERROR(VLOOKUP(B64,'👥 بيانات الموظفين'!B:C,2,0),"") -> سلطان فيصل القحطاني | D64: =DATEVALUE("2026-04-30") -> 46142 | E64: حاضر | F64: =TIMEVALUE("08:02") -> 0.33472222 | G64: =TIMEVALUE("17:02") -> 0.70972222 | H64: =IFERROR(IF(AND(F64<>"",G64<>""),(G64-F64)*24,""),"") -> 9 | I64: =IFERROR(IF(E64="متأخر",MAX(0,(F64-TIME(8,0,0))*1440),0),0) -> 0 | J64: =IFERROR(IF(AND(ISNUMBER(H64),H64>WorkHoursDay),H64-WorkHoursDay,0),0) -> 1 | L64: =IF(D64<>"",TEXT(D64,"yyyy-mm"),"") -> 2026-04
A65: 61 | B65: EMP005 | C65: =IFERROR(VLOOKUP(B65,'👥 بيانات الموظفين'!B:C,2,0),"") -> Rajesh Kumar Sharma | D65: =DATEVALUE("2026-04-12") -> 46124 | E65: متأخر | F65: =TIMEVALUE("08:40") -> 0.36111111 | G65: =TIMEVALUE("17:57") -> 0.74791667 | H65: =IFERROR(IF(AND(F65<>"",G65<>""),(G65-F65)*24,""),"") -> 9.2833333 | I65: =IFERROR(IF(E65="متأخر",MAX(0,(F65-TIME(8,0,0))*1440),0),0) -> 40 | J65: =IFERROR(IF(AND(ISNUMBER(H65),H65>WorkHoursDay),H65-WorkHoursDay,0),0) -> 1.2833333 | L65: =IF(D65<>"",TEXT(D65,"yyyy-mm"),"") -> 2026-04
A66: 62 | B66: EMP005 | C66: =IFERROR(VLOOKUP(B66,'👥 بيانات الموظفين'!B:C,2,0),"") -> Rajesh Kumar Sharma | D66: =DATEVALUE("2026-04-13") -> 46125 | E66: متأخر | F66: =TIMEVALUE("09:04") -> 0.37777778 | G66: =TIMEVALUE("17:48") -> 0.74166667 | H66: =IFERROR(IF(AND(F66<>"",G66<>""),(G66-F66)*24,""),"") -> 8.7333333 | I66: =IFERROR(IF(E66="متأخر",MAX(0,(F66-TIME(8,0,0))*1440),0),0) -> 64 | J66: =IFERROR(IF(AND(ISNUMBER(H66),H66>WorkHoursDay),H66-WorkHoursDay,0),0) -> 0.73333333 | L66: =IF(D66<>"",TEXT(D66,"yyyy-mm"),"") -> 2026-04
A67: 63 | B67: EMP005 | C67: =IFERROR(VLOOKUP(B67,'👥 بيانات الموظفين'!B:C,2,0),"") -> Rajesh Kumar Sharma | D67: =DATEVALUE("2026-04-14") -> 46126 | E67: متأخر | F67: =TIMEVALUE("08:50") -> 0.36805556 | G67: =TIMEVALUE("17:34") -> 0.73194444 | H67: =IFERROR(IF(AND(F67<>"",G67<>""),(G67-F67)*24,""),"") -> 8.7333333 | I67: =IFERROR(IF(E67="متأخر",MAX(0,(F67-TIME(8,0,0))*1440),0),0) -> 50 | J67: =IFERROR(IF(AND(ISNUMBER(H67),H67>WorkHoursDay),H67-WorkHoursDay,0),0) -> 0.73333333 | L67: =IF(D67<>"",TEXT(D67,"yyyy-mm"),"") -> 2026-04
A68: 64 | B68: EMP005 | C68: =IFERROR(VLOOKUP(B68,'👥 بيانات الموظفين'!B:C,2,0),"") -> Rajesh Kumar Sharma | D68: =DATEVALUE("2026-04-15") -> 46127 | E68: متأخر | F68: =TIMEVALUE("09:09") -> 0.38125 | G68: =TIMEVALUE("17:43") -> 0.73819444 | H68: =IFERROR(IF(AND(F68<>"",G68<>""),(G68-F68)*24,""),"") -> 8.5666667 | I68: =IFERROR(IF(E68="متأخر",MAX(0,(F68-TIME(8,0,0))*1440),0),0) -> 69 | J68: =IFERROR(IF(AND(ISNUMBER(H68),H68>WorkHoursDay),H68-WorkHoursDay,0),0) -> 0.56666667 | L68: =IF(D68<>"",TEXT(D68,"yyyy-mm"),"") -> 2026-04
A69: 65 | B69: EMP005 | C69: =IFERROR(VLOOKUP(B69,'👥 بيانات الموظفين'!B:C,2,0),"") -> Rajesh Kumar Sharma | D69: =DATEVALUE("2026-04-16") -> 46128 | E69: متأخر | F69: =TIMEVALUE("08:38") -> 0.35972222 | G69: =TIMEVALUE("17:31") -> 0.72986111 | H69: =IFERROR(IF(AND(F69<>"",G69<>""),(G69-F69)*24,""),"") -> 8.8833333 | I69: =IFERROR(IF(E69="متأخر",MAX(0,(F69-TIME(8,0,0))*1440),0),0) -> 38 | J69: =IFERROR(IF(AND(ISNUMBER(H69),H69>WorkHoursDay),H69-WorkHoursDay,0),0) -> 0.88333333 | L69: =IF(D69<>"",TEXT(D69,"yyyy-mm"),"") -> 2026-04
A70: 66 | B70: EMP005 | C70: =IFERROR(VLOOKUP(B70,'👥 بيانات الموظفين'!B:C,2,0),"") -> Rajesh Kumar Sharma | D70: =DATEVALUE("2026-04-19") -> 46131 | E70: متأخر | F70: =TIMEVALUE("08:40") -> 0.36111111 | G70: =TIMEVALUE("17:44") -> 0.73888889 | H70: =IFERROR(IF(AND(F70<>"",G70<>""),(G70-F70)*24,""),"") -> 9.0666667 | I70: =IFERROR(IF(E70="متأخر",MAX(0,(F70-TIME(8,0,0))*1440),0),0) -> 40 | J70: =IFERROR(IF(AND(ISNUMBER(H70),H70>WorkHoursDay),H70-WorkHoursDay,0),0) -> 1.0666667 | L70: =IF(D70<>"",TEXT(D70,"yyyy-mm"),"") -> 2026-04
A71: 67 | B71: EMP005 | C71: =IFERROR(VLOOKUP(B71,'👥 بيانات الموظفين'!B:C,2,0),"") -> Rajesh Kumar Sharma | D71: =DATEVALUE("2026-04-20") -> 46132 | E71: متأخر | F71: =TIMEVALUE("09:08") -> 0.38055556 | G71: =TIMEVALUE("17:38") -> 0.73472222 | H71: =IFERROR(IF(AND(F71<>"",G71<>""),(G71-F71)*24,""),"") -> 8.5 | I71: =IFERROR(IF(E71="متأخر",MAX(0,(F71-TIME(8,0,0))*1440),0),0) -> 68 | J71: =IFERROR(IF(AND(ISNUMBER(H71),H71>WorkHoursDay),H71-WorkHoursDay,0),0) -> 0.5 | L71: =IF(D71<>"",TEXT(D71,"yyyy-mm"),"") -> 2026-04
A72: 68 | B72: EMP005 | C72: =IFERROR(VLOOKUP(B72,'👥 بيانات الموظفين'!B:C,2,0),"") -> Rajesh Kumar Sharma | D72: =DATEVALUE("2026-04-21") -> 46133 | E72: متأخر | F72: =TIMEVALUE("08:36") -> 0.35833333 | G72: =TIMEVALUE("17:49") -> 0.74236111 | H72: =IFERROR(IF(AND(F72<>"",G72<>""),(G72-F72)*24,""),"") -> 9.2166667 | I72: =IFERROR(IF(E72="متأخر",MAX(0,(F72-TIME(8,0,0))*1440),0),0) -> 36 | J72: =IFERROR(IF(AND(ISNUMBER(H72),H72>WorkHoursDay),H72-WorkHoursDay,0),0) -> 1.2166667 | L72: =IF(D72<>"",TEXT(D72,"yyyy-mm"),"") -> 2026-04
A73: 69 | B73: EMP005 | C73: =IFERROR(VLOOKUP(B73,'👥 بيانات الموظفين'!B:C,2,0),"") -> Rajesh Kumar Sharma | D73: =DATEVALUE("2026-04-22") -> 46134 | E73: متأخر | F73: =TIMEVALUE("09:03") -> 0.37708333 | G73: =TIMEVALUE("17:53") -> 0.74513889 | H73: =IFERROR(IF(AND(F73<>"",G73<>""),(G73-F73)*24,""),"") -> 8.8333333 | I73: =IFERROR(IF(E73="متأخر",MAX(0,(F73-TIME(8,0,0))*1440),0),0) -> 63 | J73: =IFERROR(IF(AND(ISNUMBER(H73),H73>WorkHoursDay),H73-WorkHoursDay,0),0) -> 0.83333333 | L73: =IF(D73<>"",TEXT(D73,"yyyy-mm"),"") -> 2026-04
A74: 70 | B74: EMP005 | C74: =IFERROR(VLOOKUP(B74,'👥 بيانات الموظفين'!B:C,2,0),"") -> Rajesh Kumar Sharma | D74: =DATEVALUE("2026-04-23") -> 46135 | E74: متأخر | F74: =TIMEVALUE("08:45") -> 0.36458333 | G74: =TIMEVALUE("17:57") -> 0.74791667 | H74: =IFERROR(IF(AND(F74<>"",G74<>""),(G74-F74)*24,""),"") -> 9.2 | I74: =IFERROR(IF(E74="متأخر",MAX(0,(F74-TIME(8,0,0))*1440),0),0) -> 45 | J74: =IFERROR(IF(AND(ISNUMBER(H74),H74>WorkHoursDay),H74-WorkHoursDay,0),0) -> 1.2 | L74: =IF(D74<>"",TEXT(D74,"yyyy-mm"),"") -> 2026-04
A75: 71 | B75: EMP005 | C75: =IFERROR(VLOOKUP(B75,'👥 بيانات الموظفين'!B:C,2,0),"") -> Rajesh Kumar Sharma | D75: =DATEVALUE("2026-04-26") -> 46138 | E75: متأخر | F75: =TIMEVALUE("08:55") -> 0.37152778 | G75: =TIMEVALUE("17:34") -> 0.73194444 | H75: =IFERROR(IF(AND(F75<>"",G75<>""),(G75-F75)*24,""),"") -> 8.65 | I75: =IFERROR(IF(E75="متأخر",MAX(0,(F75-TIME(8,0,0))*1440),0),0) -> 55 | J75: =IFERROR(IF(AND(ISNUMBER(H75),H75>WorkHoursDay),H75-WorkHoursDay,0),0) -> 0.65 | L75: =IF(D75<>"",TEXT(D75,"yyyy-mm"),"") -> 2026-04
A76: 72 | B76: EMP005 | C76: =IFERROR(VLOOKUP(B76,'👥 بيانات الموظفين'!B:C,2,0),"") -> Rajesh Kumar Sharma | D76: =DATEVALUE("2026-04-27") -> 46139 | E76: متأخر | F76: =TIMEVALUE("09:04") -> 0.37777778 | G76: =TIMEVALUE("17:59") -> 0.74930556 | H76: =IFERROR(IF(AND(F76<>"",G76<>""),(G76-F76)*24,""),"") -> 8.9166667 | I76: =IFERROR(IF(E76="متأخر",MAX(0,(F76-TIME(8,0,0))*1440),0),0) -> 64 | J76: =IFERROR(IF(AND(ISNUMBER(H76),H76>WorkHoursDay),H76-WorkHoursDay,0),0) -> 0.91666667 | L76: =IF(D76<>"",TEXT(D76,"yyyy-mm"),"") -> 2026-04
A77: 73 | B77: EMP005 | C77: =IFERROR(VLOOKUP(B77,'👥 بيانات الموظفين'!B:C,2,0),"") -> Rajesh Kumar Sharma | D77: =DATEVALUE("2026-04-28") -> 46140 | E77: متأخر | F77: =TIMEVALUE("09:00") -> 0.375 | G77: =TIMEVALUE("17:47") -> 0.74097222 | H77: =IFERROR(IF(AND(F77<>"",G77<>""),(G77-F77)*24,""),"") -> 8.7833333 | I77: =IFERROR(IF(E77="متأخر",MAX(0,(F77-TIME(8,0,0))*1440),0),0) -> 60 | J77: =IFERROR(IF(AND(ISNUMBER(H77),H77>WorkHoursDay),H77-WorkHoursDay,0),0) -> 0.78333333 | L77: =IF(D77<>"",TEXT(D77,"yyyy-mm"),"") -> 2026-04
A78: 74 | B78: EMP005 | C78: =IFERROR(VLOOKUP(B78,'👥 بيانات الموظفين'!B:C,2,0),"") -> Rajesh Kumar Sharma | D78: =DATEVALUE("2026-04-29") -> 46141 | E78: متأخر | F78: =TIMEVALUE("09:01") -> 0.37569444 | G78: =TIMEVALUE("17:53") -> 0.74513889 | H78: =IFERROR(IF(AND(F78<>"",G78<>""),(G78-F78)*24,""),"") -> 8.8666667 | I78: =IFERROR(IF(E78="متأخر",MAX(0,(F78-TIME(8,0,0))*1440),0),0) -> 61 | J78: =IFERROR(IF(AND(ISNUMBER(H78),H78>WorkHoursDay),H78-WorkHoursDay,0),0) -> 0.86666667 | L78: =IF(D78<>"",TEXT(D78,"yyyy-mm"),"") -> 2026-04
A79: 75 | B79: EMP005 | C79: =IFERROR(VLOOKUP(B79,'👥 بيانات الموظفين'!B:C,2,0),"") -> Rajesh Kumar Sharma | D79: =DATEVALUE("2026-04-30") -> 46142 | E79: متأخر | F79: =TIMEVALUE("08:47") -> 0.36597222 | G79: =TIMEVALUE("17:59") -> 0.74930556 | H79: =IFERROR(IF(AND(F79<>"",G79<>""),(G79-F79)*24,""),"") -> 9.2 | I79: =IFERROR(IF(E79="متأخر",MAX(0,(F79-TIME(8,0,0))*1440),0),0) -> 47 | J79: =IFERROR(IF(AND(ISNUMBER(H79),H79>WorkHoursDay),H79-WorkHoursDay,0),0) -> 1.2 | L79: =IF(D79<>"",TEXT(D79,"yyyy-mm"),"") -> 2026-04
A80: 76 | B80: EMP006 | C80: =IFERROR(VLOOKUP(B80,'👥 بيانات الموظفين'!B:C,2,0),"") -> Mohamed Ahmed Hassan | D80: =DATEVALUE("2026-04-12") -> 46124 | E80: حاضر | F80: =TIMEVALUE("07:56") -> 0.33055556 | G80: =TIMEVALUE("17:05") -> 0.71180556 | H80: =IFERROR(IF(AND(F80<>"",G80<>""),(G80-F80)*24,""),"") -> 9.15 | I80: =IFERROR(IF(E80="متأخر",MAX(0,(F80-TIME(8,0,0))*1440),0),0) -> 0 | J80: =IFERROR(IF(AND(ISNUMBER(H80),H80>WorkHoursDay),H80-WorkHoursDay,0),0) -> 1.15 | L80: =IF(D80<>"",TEXT(D80,"yyyy-mm"),"") -> 2026-04
A81: 77 | B81: EMP006 | C81: =IFERROR(VLOOKUP(B81,'👥 بيانات الموظفين'!B:C,2,0),"") -> Mohamed Ahmed Hassan | D81: =DATEVALUE("2026-04-13") -> 46125 | E81: حاضر | F81: =TIMEVALUE("07:59") -> 0.33263889 | G81: =TIMEVALUE("17:04") -> 0.71111111 | H81: =IFERROR(IF(AND(F81<>"",G81<>""),(G81-F81)*24,""),"") -> 9.0833333 | I81: =IFERROR(IF(E81="متأخر",MAX(0,(F81-TIME(8,0,0))*1440),0),0) -> 0 | J81: =IFERROR(IF(AND(ISNUMBER(H81),H81>WorkHoursDay),H81-WorkHoursDay,0),0) -> 1.0833333 | L81: =IF(D81<>"",TEXT(D81,"yyyy-mm"),"") -> 2026-04
A82: 78 | B82: EMP006 | C82: =IFERROR(VLOOKUP(B82,'👥 بيانات الموظفين'!B:C,2,0),"") -> Mohamed Ahmed Hassan | D82: =DATEVALUE("2026-04-14") -> 46126 | E82: حاضر | F82: =TIMEVALUE("08:02") -> 0.33472222 | G82: =TIMEVALUE("17:06") -> 0.7125 | H82: =IFERROR(IF(AND(F82<>"",G82<>""),(G82-F82)*24,""),"") -> 9.0666667 | I82: =IFERROR(IF(E82="متأخر",MAX(0,(F82-TIME(8,0,0))*1440),0),0) -> 0 | J82: =IFERROR(IF(AND(ISNUMBER(H82),H82>WorkHoursDay),H82-WorkHoursDay,0),0) -> 1.0666667 | L82: =IF(D82<>"",TEXT(D82,"yyyy-mm"),"") -> 2026-04
A83: 79 | B83: EMP006 | C83: =IFERROR(VLOOKUP(B83,'👥 بيانات الموظفين'!B:C,2,0),"") -> Mohamed Ahmed Hassan | D83: =DATEVALUE("2026-04-15") -> 46127 | E83: حاضر | F83: =TIMEVALUE("08:06") -> 0.3375 | G83: =TIMEVALUE("17:10") -> 0.71527778 | H83: =IFERROR(IF(AND(F83<>"",G83<>""),(G83-F83)*24,""),"") -> 9.0666667 | I83: =IFERROR(IF(E83="متأخر",MAX(0,(F83-TIME(8,0,0))*1440),0),0) -> 0 | J83: =IFERROR(IF(AND(ISNUMBER(H83),H83>WorkHoursDay),H83-WorkHoursDay,0),0) -> 1.0666667 | L83: =IF(D83<>"",TEXT(D83,"yyyy-mm"),"") -> 2026-04
A84: 80 | B84: EMP006 | C84: =IFERROR(VLOOKUP(B84,'👥 بيانات الموظفين'!B:C,2,0),"") -> Mohamed Ahmed Hassan | D84: =DATEVALUE("2026-04-16") -> 46128 | E84: حاضر | F84: =TIMEVALUE("08:06") -> 0.3375 | G84: =TIMEVALUE("17:07") -> 0.71319444 | H84: =IFERROR(IF(AND(F84<>"",G84<>""),(G84-F84)*24,""),"") -> 9.0166667 | I84: =IFERROR(IF(E84="متأخر",MAX(0,(F84-TIME(8,0,0))*1440),0),0) -> 0 | J84: =IFERROR(IF(AND(ISNUMBER(H84),H84>WorkHoursDay),H84-WorkHoursDay,0),0) -> 1.0166667 | L84: =IF(D84<>"",TEXT(D84,"yyyy-mm"),"") -> 2026-04
A85: 81 | B85: EMP006 | C85: =IFERROR(VLOOKUP(B85,'👥 بيانات الموظفين'!B:C,2,0),"") -> Mohamed Ahmed Hassan | D85: =DATEVALUE("2026-04-19") -> 46131 | E85: حاضر | F85: =TIMEVALUE("08:01") -> 0.33402778 | G85: =TIMEVALUE("17:06") -> 0.7125 | H85: =IFERROR(IF(AND(F85<>"",G85<>""),(G85-F85)*24,""),"") -> 9.0833333 | I85: =IFERROR(IF(E85="متأخر",MAX(0,(F85-TIME(8,0,0))*1440),0),0) -> 0 | J85: =IFERROR(IF(AND(ISNUMBER(H85),H85>WorkHoursDay),H85-WorkHoursDay,0),0) -> 1.0833333 | L85: =IF(D85<>"",TEXT(D85,"yyyy-mm"),"") -> 2026-04
A86: 82 | B86: EMP006 | C86: =IFERROR(VLOOKUP(B86,'👥 بيانات الموظفين'!B:C,2,0),"") -> Mohamed Ahmed Hassan | D86: =DATEVALUE("2026-04-20") -> 46132 | E86: حاضر | F86: =TIMEVALUE("08:07") -> 0.33819444 | G86: =TIMEVALUE("17:03") -> 0.71041667 | H86: =IFERROR(IF(AND(F86<>"",G86<>""),(G86-F86)*24,""),"") -> 8.9333333 | I86: =IFERROR(IF(E86="متأخر",MAX(0,(F86-TIME(8,0,0))*1440),0),0) -> 0 | J86: =IFERROR(IF(AND(ISNUMBER(H86),H86>WorkHoursDay),H86-WorkHoursDay,0),0) -> 0.93333333 | L86: =IF(D86<>"",TEXT(D86,"yyyy-mm"),"") -> 2026-04
A87: 83 | B87: EMP006 | C87: =IFERROR(VLOOKUP(B87,'👥 بيانات الموظفين'!B:C,2,0),"") -> Mohamed Ahmed Hassan | D87: =DATEVALUE("2026-04-21") -> 46133 | E87: حاضر | F87: =TIMEVALUE("07:59") -> 0.33263889 | G87: =TIMEVALUE("17:17") -> 0.72013889 | H87: =IFERROR(IF(AND(F87<>"",G87<>""),(G87-F87)*24,""),"") -> 9.3 | I87: =IFERROR(IF(E87="متأخر",MAX(0,(F87-TIME(8,0,0))*1440),0),0) -> 0 | J87: =IFERROR(IF(AND(ISNUMBER(H87),H87>WorkHoursDay),H87-WorkHoursDay,0),0) -> 1.3 | L87: =IF(D87<>"",TEXT(D87,"yyyy-mm"),"") -> 2026-04
A88: 84 | B88: EMP006 | C88: =IFERROR(VLOOKUP(B88,'👥 بيانات الموظفين'!B:C,2,0),"") -> Mohamed Ahmed Hassan | D88: =DATEVALUE("2026-04-22") -> 46134 | E88: حاضر | F88: =TIMEVALUE("07:54") -> 0.32916667 | G88: =TIMEVALUE("17:18") -> 0.72083333 | H88: =IFERROR(IF(AND(F88<>"",G88<>""),(G88-F88)*24,""),"") -> 9.4 | I88: =IFERROR(IF(E88="متأخر",MAX(0,(F88-TIME(8,0,0))*1440),0),0) -> 0 | J88: =IFERROR(IF(AND(ISNUMBER(H88),H88>WorkHoursDay),H88-WorkHoursDay,0),0) -> 1.4 | L88: =IF(D88<>"",TEXT(D88,"yyyy-mm"),"") -> 2026-04
A89: 85 | B89: EMP006 | C89: =IFERROR(VLOOKUP(B89,'👥 بيانات الموظفين'!B:C,2,0),"") -> Mohamed Ahmed Hassan | D89: =DATEVALUE("2026-04-23") -> 46135 | E89: حاضر | F89: =TIMEVALUE("08:03") -> 0.33541667 | G89: =TIMEVALUE("17:17") -> 0.72013889 | H89: =IFERROR(IF(AND(F89<>"",G89<>""),(G89-F89)*24,""),"") -> 9.2333333 | I89: =IFERROR(IF(E89="متأخر",MAX(0,(F89-TIME(8,0,0))*1440),0),0) -> 0 | J89: =IFERROR(IF(AND(ISNUMBER(H89),H89>WorkHoursDay),H89-WorkHoursDay,0),0) -> 1.2333333 | L89: =IF(D89<>"",TEXT(D89,"yyyy-mm"),"") -> 2026-04
A90: 86 | B90: EMP006 | C90: =IFERROR(VLOOKUP(B90,'👥 بيانات الموظفين'!B:C,2,0),"") -> Mohamed Ahmed Hassan | D90: =DATEVALUE("2026-04-26") -> 46138 | E90: حاضر | F90: =TIMEVALUE("07:55") -> 0.32986111 | G90: =TIMEVALUE("17:03") -> 0.71041667 | H90: =IFERROR(IF(AND(F90<>"",G90<>""),(G90-F90)*24,""),"") -> 9.1333333 | I90: =IFERROR(IF(E90="متأخر",MAX(0,(F90-TIME(8,0,0))*1440),0),0) -> 0 | J90: =IFERROR(IF(AND(ISNUMBER(H90),H90>WorkHoursDay),H90-WorkHoursDay,0),0) -> 1.1333333 | L90: =IF(D90<>"",TEXT(D90,"yyyy-mm"),"") -> 2026-04
A91: 87 | B91: EMP006 | C91: =IFERROR(VLOOKUP(B91,'👥 بيانات الموظفين'!B:C,2,0),"") -> Mohamed Ahmed Hassan | D91: =DATEVALUE("2026-04-27") -> 46139 | E91: حاضر | F91: =TIMEVALUE("08:07") -> 0.33819444 | G91: =TIMEVALUE("17:04") -> 0.71111111 | H91: =IFERROR(IF(AND(F91<>"",G91<>""),(G91-F91)*24,""),"") -> 8.95 | I91: =IFERROR(IF(E91="متأخر",MAX(0,(F91-TIME(8,0,0))*1440),0),0) -> 0 | J91: =IFERROR(IF(AND(ISNUMBER(H91),H91>WorkHoursDay),H91-WorkHoursDay,0),0) -> 0.95 | L91: =IF(D91<>"",TEXT(D91,"yyyy-mm"),"") -> 2026-04
A92: 88 | B92: EMP006 | C92: =IFERROR(VLOOKUP(B92,'👥 بيانات الموظفين'!B:C,2,0),"") -> Mohamed Ahmed Hassan | D92: =DATEVALUE("2026-04-28") -> 46140 | E92: حاضر | F92: =TIMEVALUE("07:60") -> 0.33333333 | G92: =TIMEVALUE("17:15") -> 0.71875 | H92: =IFERROR(IF(AND(F92<>"",G92<>""),(G92-F92)*24,""),"") -> 9.25 | I92: =IFERROR(IF(E92="متأخر",MAX(0,(F92-TIME(8,0,0))*1440),0),0) -> 0 | J92: =IFERROR(IF(AND(ISNUMBER(H92),H92>WorkHoursDay),H92-WorkHoursDay,0),0) -> 1.25 | L92: =IF(D92<>"",TEXT(D92,"yyyy-mm"),"") -> 2026-04
A93: 89 | B93: EMP006 | C93: =IFERROR(VLOOKUP(B93,'👥 بيانات الموظفين'!B:C,2,0),"") -> Mohamed Ahmed Hassan | D93: =DATEVALUE("2026-04-29") -> 46141 | E93: حاضر | F93: =TIMEVALUE("07:56") -> 0.33055556 | G93: =TIMEVALUE("17:07") -> 0.71319444 | H93: =IFERROR(IF(AND(F93<>"",G93<>""),(G93-F93)*24,""),"") -> 9.1833333 | I93: =IFERROR(IF(E93="متأخر",MAX(0,(F93-TIME(8,0,0))*1440),0),0) -> 0 | J93: =IFERROR(IF(AND(ISNUMBER(H93),H93>WorkHoursDay),H93-WorkHoursDay,0),0) -> 1.1833333 | L93: =IF(D93<>"",TEXT(D93,"yyyy-mm"),"") -> 2026-04
A94: 90 | B94: EMP006 | C94: =IFERROR(VLOOKUP(B94,'👥 بيانات الموظفين'!B:C,2,0),"") -> Mohamed Ahmed Hassan | D94: =DATEVALUE("2026-04-30") -> 46142 | E94: حاضر | F94: =TIMEVALUE("07:61") -> 0.33402778 | G94: =TIMEVALUE("17:13") -> 0.71736111 | H94: =IFERROR(IF(AND(F94<>"",G94<>""),(G94-F94)*24,""),"") -> 9.2 | I94: =IFERROR(IF(E94="متأخر",MAX(0,(F94-TIME(8,0,0))*1440),0),0) -> 0 | J94: =IFERROR(IF(AND(ISNUMBER(H94),H94>WorkHoursDay),H94-WorkHoursDay,0),0) -> 1.2 | L94: =IF(D94<>"",TEXT(D94,"yyyy-mm"),"") -> 2026-04
A95: 91 | B95: EMP007 | C95: =IFERROR(VLOOKUP(B95,'👥 بيانات الموظفين'!B:C,2,0),"") -> نورة عبدالله الشمري | D95: =DATEVALUE("2026-04-12") -> 46124 | E95: حاضر | F95: =TIMEVALUE("08:02") -> 0.33472222 | G95: =TIMEVALUE("17:13") -> 0.71736111 | H95: =IFERROR(IF(AND(F95<>"",G95<>""),(G95-F95)*24,""),"") -> 9.1833333 | I95: =IFERROR(IF(E95="متأخر",MAX(0,(F95-TIME(8,0,0))*1440),0),0) -> 0 | J95: =IFERROR(IF(AND(ISNUMBER(H95),H95>WorkHoursDay),H95-WorkHoursDay,0),0) -> 1.1833333 | L95: =IF(D95<>"",TEXT(D95,"yyyy-mm"),"") -> 2026-04
A96: 92 | B96: EMP007 | C96: =IFERROR(VLOOKUP(B96,'👥 بيانات الموظفين'!B:C,2,0),"") -> نورة عبدالله الشمري | D96: =DATEVALUE("2026-04-13") -> 46125 | E96: حاضر | F96: =TIMEVALUE("07:60") -> 0.33333333 | G96: =TIMEVALUE("17:08") -> 0.71388889 | H96: =IFERROR(IF(AND(F96<>"",G96<>""),(G96-F96)*24,""),"") -> 9.1333333 | I96: =IFERROR(IF(E96="متأخر",MAX(0,(F96-TIME(8,0,0))*1440),0),0) -> 0 | J96: =IFERROR(IF(AND(ISNUMBER(H96),H96>WorkHoursDay),H96-WorkHoursDay,0),0) -> 1.1333333 | L96: =IF(D96<>"",TEXT(D96,"yyyy-mm"),"") -> 2026-04
A97: 93 | B97: EMP007 | C97: =IFERROR(VLOOKUP(B97,'👥 بيانات الموظفين'!B:C,2,0),"") -> نورة عبدالله الشمري | D97: =DATEVALUE("2026-04-14") -> 46126 | E97: حاضر | F97: =TIMEVALUE("07:54") -> 0.32916667 | G97: =TIMEVALUE("17:11") -> 0.71597222 | H97: =IFERROR(IF(AND(F97<>"",G97<>""),(G97-F97)*24,""),"") -> 9.2833333 | I97: =IFERROR(IF(E97="متأخر",MAX(0,(F97-TIME(8,0,0))*1440),0),0) -> 0 | J97: =IFERROR(IF(AND(ISNUMBER(H97),H97>WorkHoursDay),H97-WorkHoursDay,0),0) -> 1.2833333 | L97: =IF(D97<>"",TEXT(D97,"yyyy-mm"),"") -> 2026-04
A98: 94 | B98: EMP007 | C98: =IFERROR(VLOOKUP(B98,'👥 بيانات الموظفين'!B:C,2,0),"") -> نورة عبدالله الشمري | D98: =DATEVALUE("2026-04-15") -> 46127 | E98: حاضر | F98: =TIMEVALUE("08:07") -> 0.33819444 | G98: =TIMEVALUE("17:03") -> 0.71041667 | H98: =IFERROR(IF(AND(F98<>"",G98<>""),(G98-F98)*24,""),"") -> 8.9333333 | I98: =IFERROR(IF(E98="متأخر",MAX(0,(F98-TIME(8,0,0))*1440),0),0) -> 0 | J98: =IFERROR(IF(AND(ISNUMBER(H98),H98>WorkHoursDay),H98-WorkHoursDay,0),0) -> 0.93333333 | L98: =IF(D98<>"",TEXT(D98,"yyyy-mm"),"") -> 2026-04
A99: 95 | B99: EMP007 | C99: =IFERROR(VLOOKUP(B99,'👥 بيانات الموظفين'!B:C,2,0),"") -> نورة عبدالله الشمري | D99: =DATEVALUE("2026-04-16") -> 46128 | E99: حاضر | F99: =TIMEVALUE("08:02") -> 0.33472222 | G99: =TIMEVALUE("17:07") -> 0.71319444 | H99: =IFERROR(IF(AND(F99<>"",G99<>""),(G99-F99)*24,""),"") -> 9.0833333 | I99: =IFERROR(IF(E99="متأخر",MAX(0,(F99-TIME(8,0,0))*1440),0),0) -> 0 | J99: =IFERROR(IF(AND(ISNUMBER(H99),H99>WorkHoursDay),H99-WorkHoursDay,0),0) -> 1.0833333 | L99: =IF(D99<>"",TEXT(D99,"yyyy-mm"),"") -> 2026-04
A100: 96 | B100: EMP007 | C100: =IFERROR(VLOOKUP(B100,'👥 بيانات الموظفين'!B:C,2,0),"") -> نورة عبدالله الشمري | D100: =DATEVALUE("2026-04-19") -> 46131 | E100: حاضر | F100: =TIMEVALUE("08:07") -> 0.33819444 | G100: =TIMEVALUE("17:02") -> 0.70972222 | H100: =IFERROR(IF(AND(F100<>"",G100<>""),(G100-F100)*24,""),"") -> 8.9166667 | I100: =IFERROR(IF(E100="متأخر",MAX(0,(F100-TIME(8,0,0))*1440),0),0) -> 0 | J100: =IFERROR(IF(AND(ISNUMBER(H100),H100>WorkHoursDay),H100-WorkHoursDay,0),0) -> 0.91666667 | L100: =IF(D100<>"",TEXT(D100,"yyyy-mm"),"") -> 2026-04
...

Sheet 💰 الرواتب
A1: 💰 كشف الرواتب الشهري
A2: Monthly Payroll — محسوب تلقائياً من بيانات الموظفين والحضور
A3: ="كشف رواتب شهر: "&TEXT(DATE(PayYear,PayMonth,1),"mmmm yyyy") -> كشف رواتب شهر: April 2026
A4: م | B4: رقم الموظف | C4: اسم الموظف | D4: القسم | E4: أيام العمل | F4: الراتب الأساسي | G4: بدل السكن | H4: بدل النقل | I4: المكافآت | J4: إجمالي المستحقات | K4: خصم الغياب | L4: خصم التأخير | M4: خصومات أخرى | N4: إجمالي الخصومات | O4: صافي الراتب | P4: حالة الصرف | Q4: OT (ساعات) | R4: بدل OT | S4: خصم GOSI (موظف) | T4: حصة GOSI (شركة) | U4: EOSB استحقاق هذا الشهر
A5: =IF(B5<>"",ROW()-4,"") -> 1 | B5: =IFERROR('👥 بيانات الموظفين'!B5,"") -> EMP001 | C5: =IFERROR(VLOOKUP(B5,'👥 بيانات الموظفين'!$B:$C,2,0),"") -> عبدالعزيز محمد العتيبي | D5: =IFERROR(VLOOKUP(B5,'👥 بيانات الموظفين'!$B:$E,4,0),"") -> الإدارة | E5: =IF(B5="",0,IFERROR(COUNTIFS('📅 الحضور'!$B:$B,B5,'📅 الحضور'!$L:$L,PayPeriod,'📅 الحضور'!$E:$E,"حاضر")+COUNTIFS('📅 الحضور'!$B:$B,B5,'📅 الحضور'!$L:$L,PayPeriod,'📅 الحضور'!$E:$E,"متأخر"),0)) -> 15 | F5: =IFERROR(VLOOKUP(B5,'👥 بيانات الموظفين'!$B:$H,7,0),0) -> 42000 | G5: =IFERROR(VLOOKUP(B5,'👥 بيانات الموظفين'!$B:$I,8,0),0) -> 10500 | H5: =IFERROR(VLOOKUP(B5,'👥 بيانات الموظفين'!$B:$J,9,0),0) -> 2500 | I5: =IF(B5="",0,IFERROR(SUMIFS('➕ الخصومات والمكافآت'!$E:$E,'➕ الخصومات والمكافآت'!$B:$B,B5,'➕ الخصومات والمكافآت'!$F:$F,PayPeriod,'➕ الخصومات والمكافآت'!$C:$C,"مكافأة"),0)) -> 2000 | J5: =IF(B5="","",F5+G5+H5+I5+R5) -> 61353.125 | K5: =IF(B5="",0,IFERROR(COUNTIFS('📅 الحضور'!$B:$B,B5,'📅 الحضور'!$L:$L,PayPeriod,'📅 الحضور'!$E:$E,"غائب")*F5/WorkDaysMonth,0)) -> 0 | L5: =IF(B5="",0,IFERROR(SUMIFS('📅 الحضور'!$I:$I,'📅 الحضور'!$B:$B,B5,'📅 الحضور'!$L:$L,PayPeriod)/60/WorkHoursDay*F5/WorkDaysMonth,0)) -> 99.166667 | M5: =IF(B5="",0,IFERROR(SUMIFS('➕ الخصومات والمكافآت'!$E:$E,'➕ الخصومات والمكافآت'!$B:$B,B5,'➕ الخصومات والمكافآت'!$F:$F,PayPeriod,'➕ الخصومات والمكافآت'!$C:$C,"خصم"),0)) -> 0 | N5: =IF(B5="","",K5+L5+M5+S5) -> 4599.1667 | O5: =IF(B5="","",J5-N5) -> 56753.958 | P5: قيد الصرف | Q5: =IF(B5="",0,IFERROR(SUMIFS('📅 الحضور'!$J:$J,'📅 الحضور'!$B:$B,B5,'📅 الحضور'!$L:$L,PayPeriod),0)) -> 16.583333 | R5: =IF(B5="",0,IFERROR(Q5*(F5/WorkHoursMonth)*OTRateRegular,0)) -> 4353.125 | S5: =IF(B5="",0,IF(IFERROR(VLOOKUP(B5,'👥 بيانات الموظفين'!$B:$D,3,0),"")="سعودي",MIN(F5+G5,GosiCeiling)*GosiEmpRate,IF(IFERROR(VLOOKUP(B5,'👥 بيانات الموظفين'!$B:$D,3,0),"")="سعودية",MIN(F5+G5,GosiCeiling)*GosiEmpRate,0))) -> 4500 | T5: =IF(B5="",0,IF(OR(IFERROR(VLOOKUP(B5,'👥 بيانات الموظفين'!$B:$D,3,0),"")="سعودي",IFERROR(VLOOKUP(B5,'👥 بيانات الموظفين'!$B:$D,3,0),"")="سعودية"),MIN(F5+G5,GosiCeiling)*GosiCoRate,(F5+G5)*0.02)) -> 5400 | U5: =IF(B5="",0,IFERROR(IF(VLOOKUP(B5,'👥 بيانات الموظفين'!$B:$M,12,0)<5,F5/24,F5/12),0)) -> 3500
A6: =IF(B6<>"",ROW()-4,"") -> 2 | B6: =IFERROR('👥 بيانات الموظفين'!B6,"") -> EMP002 | C6: =IFERROR(VLOOKUP(B6,'👥 بيانات الموظفين'!$B:$C,2,0),"") -> فاطمة سعد الزهراني | D6: =IFERROR(VLOOKUP(B6,'👥 بيانات الموظفين'!$B:$E,4,0),"") -> الإدارة | E6: =IF(B6="",0,IFERROR(COUNTIFS('📅 الحضور'!$B:$B,B6,'📅 الحضور'!$L:$L,PayPeriod,'📅 الحضور'!$E:$E,"حاضر")+COUNTIFS('📅 الحضور'!$B:$B,B6,'📅 الحضور'!$L:$L,PayPeriod,'📅 الحضور'!$E:$E,"متأخر"),0)) -> 15 | F6: =IFERROR(VLOOKUP(B6,'👥 بيانات الموظفين'!$B:$H,7,0),0) -> 35000 | G6: =IFERROR(VLOOKUP(B6,'👥 بيانات الموظفين'!$B:$I,8,0),0) -> 8750 | H6: =IFERROR(VLOOKUP(B6,'👥 بيانات الموظفين'!$B:$J,9,0),0) -> 2000 | I6: =IF(B6="",0,IFERROR(SUMIFS('➕ الخصومات والمكافآت'!$E:$E,'➕ الخصومات والمكافآت'!$B:$B,B6,'➕ الخصومات والمكافآت'!$F:$F,PayPeriod,'➕ الخصومات والمكافآت'!$C:$C,"مكافأة"),0)) -> 12000 | J6: =IF(B6="","",F6+G6+H6+I6+R6) -> 61224.479 | K6: =IF(B6="",0,IFERROR(COUNTIFS('📅 الحضور'!$B:$B,B6,'📅 الحضور'!$L:$L,PayPeriod,'📅 الحضور'!$E:$E,"غائب")*F6/WorkDaysMonth,0)) -> 0 | L6: =IF(B6="",0,IFERROR(SUMIFS('📅 الحضور'!$I:$I,'📅 الحضور'!$B:$B,B6,'📅 الحضور'!$L:$L,PayPeriod)/60/WorkHoursDay*F6/WorkDaysMonth,0)) -> 126.38889 | M6: =IF(B6="",0,IFERROR(SUMIFS('➕ الخصومات والمكافآت'!$E:$E,'➕ الخصومات والمكافآت'!$B:$B,B6,'➕ الخصومات والمكافآت'!$F:$F,PayPeriod,'➕ الخصومات والمكافآت'!$C:$C,"خصم"),0)) -> 0 | N6: =IF(B6="","",K6+L6+M6+S6) -> 4501.3889 | O6: =IF(B6="","",J6-N6) -> 56723.09 | P6: قيد الصرف | Q6: =IF(B6="",0,IFERROR(SUMIFS('📅 الحضور'!$J:$J,'📅 الحضور'!$B:$B,B6,'📅 الحضور'!$L:$L,PayPeriod),0)) -> 15.883333 | R6: =IF(B6="",0,IFERROR(Q6*(F6/WorkHoursMonth)*OTRateRegular,0)) -> 3474.4792 | S6: =IF(B6="",0,IF(IFERROR(VLOOKUP(B6,'👥 بيانات الموظفين'!$B:$D,3,0),"")="سعودي",MIN(F6+G6,GosiCeiling)*GosiEmpRate,IF(IFERROR(VLOOKUP(B6,'👥 بيانات الموظفين'!$B:$D,3,0),"")="سعودية",MIN(F6+G6,GosiCeiling)*GosiEmpRate,0))) -> 4375 | T6: =IF(B6="",0,IF(OR(IFERROR(VLOOKUP(B6,'👥 بيانات الموظفين'!$B:$D,3,0),"")="سعودي",IFERROR(VLOOKUP(B6,'👥 بيانات الموظفين'!$B:$D,3,0),"")="سعودية"),MIN(F6+G6,GosiCeiling)*GosiCoRate,(F6+G6)*0.02)) -> 5250 | U6: =IF(B6="",0,IFERROR(IF(VLOOKUP(B6,'👥 بيانات الموظفين'!$B:$M,12,0)<5,F6/24,F6/12),0)) -> 2916.6667
A7: =IF(B7<>"",ROW()-4,"") -> 3 | B7: =IFERROR('👥 بيانات الموظفين'!B7,"") -> EMP003 | C7: =IFERROR(VLOOKUP(B7,'👥 بيانات الموظفين'!$B:$C,2,0),"") -> خالد عبدالرحمن الدوسري | D7: =IFERROR(VLOOKUP(B7,'👥 بيانات الموظفين'!$B:$E,4,0),"") -> الإدارة | E7: =IF(B7="",0,IFERROR(COUNTIFS('📅 الحضور'!$B:$B,B7,'📅 الحضور'!$L:$L,PayPeriod,'📅 الحضور'!$E:$E,"حاضر")+COUNTIFS('📅 الحضور'!$B:$B,B7,'📅 الحضور'!$L:$L,PayPeriod,'📅 الحضور'!$E:$E,"متأخر"),0)) -> 15 | F7: =IFERROR(VLOOKUP(B7,'👥 بيانات الموظفين'!$B:$H,7,0),0) -> 30000 | G7: =IFERROR(VLOOKUP(B7,'👥 بيانات الموظفين'!$B:$I,8,0),0) -> 7500 | H7: =IFERROR(VLOOKUP(B7,'👥 بيانات الموظفين'!$B:$J,9,0),0) -> 1800 | I7: =IF(B7="",0,IFERROR(SUMIFS('➕ الخصومات والمكافآت'!$E:$E,'➕ الخصومات والمكافآت'!$B:$B,B7,'➕ الخصومات والمكافآت'!$F:$F,PayPeriod,'➕ الخصومات والمكافآت'!$C:$C,"مكافأة"),0)) -> 2000 | J7: =IF(B7="","",F7+G7+H7+I7+R7) -> 44515.625 | K7: =IF(B7="",0,IFERROR(COUNTIFS('📅 الحضور'!$B:$B,B7,'📅 الحضور'!$L:$L,PayPeriod,'📅 الحضور'!$E:$E,"غائب")*F7/WorkDaysMonth,0)) -> 0 | L7: =IF(B7="",0,IFERROR(SUMIFS('📅 الحضور'!$I:$I,'📅 الحضور'!$B:$B,B7,'📅 الحضور'!$L:$L,PayPeriod)/60/WorkHoursDay*F7/WorkDaysMonth,0)) -> 0 | M7: =IF(B7="",0,IFERROR(SUMIFS('➕ الخصومات والمكافآت'!$E:$E,'➕ الخصومات والمكافآت'!$B:$B,B7,'➕ الخصومات والمكافآت'!$F:$F,PayPeriod,'➕ الخصومات والمكافآت'!$C:$C,"خصم"),0)) -> 0 | N7: =IF(B7="","",K7+L7+M7+S7) -> 3750 | O7: =IF(B7="","",J7-N7) -> 40765.625 | P7: قيد الصرف | Q7: =IF(B7="",0,IFERROR(SUMIFS('📅 الحضور'!$J:$J,'📅 الحضور'!$B:$B,B7,'📅 الحضور'!$L:$L,PayPeriod),0)) -> 17.15 | R7: =IF(B7="",0,IFERROR(Q7*(F7/WorkHoursMonth)*OTRateRegular,0)) -> 3215.625 | S7: =IF(B7="",0,IF(IFERROR(VLOOKUP(B7,'👥 بيانات الموظفين'!$B:$D,3,0),"")="سعودي",MIN(F7+G7,GosiCeiling)*GosiEmpRate,IF(IFERROR(VLOOKUP(B7,'👥 بيانات الموظفين'!$B:$D,3,0),"")="سعودية",MIN(F7+G7,GosiCeiling)*GosiEmpRate,0))) -> 3750 | T7: =IF(B7="",0,IF(OR(IFERROR(VLOOKUP(B7,'👥 بيانات الموظفين'!$B:$D,3,0),"")="سعودي",IFERROR(VLOOKUP(B7,'👥 بيانات الموظفين'!$B:$D,3,0),"")="سعودية"),MIN(F7+G7,GosiCeiling)*GosiCoRate,(F7+G7)*0.02)) -> 4500 | U7: =IF(B7="",0,IFERROR(IF(VLOOKUP(B7,'👥 بيانات الموظفين'!$B:$M,12,0)<5,F7/24,F7/12),0)) -> 2500
A8: =IF(B8<>"",ROW()-4,"") -> 4 | B8: =IFERROR('👥 بيانات الموظفين'!B8,"") -> EMP004 | C8: =IFERROR(VLOOKUP(B8,'👥 بيانات الموظفين'!$B:$C,2,0),"") -> سلطان فيصل القحطاني | D8: =IFERROR(VLOOKUP(B8,'👥 بيانات الموظفين'!$B:$E,4,0),"") -> تقنية المعلومات | E8: =IF(B8="",0,IFERROR(COUNTIFS('📅 الحضور'!$B:$B,B8,'📅 الحضور'!$L:$L,PayPeriod,'📅 الحضور'!$E:$E,"حاضر")+COUNTIFS('📅 الحضور'!$B:$B,B8,'📅 الحضور'!$L:$L,PayPeriod,'📅 الحضور'!$E:$E,"متأخر"),0)) -> 15 | F8: =IFERROR(VLOOKUP(B8,'👥 بيانات الموظفين'!$B:$H,7,0),0) -> 28000 | G8: =IFERROR(VLOOKUP(B8,'👥 بيانات الموظفين'!$B:$I,8,0),0) -> 7000 | H8: =IFERROR(VLOOKUP(B8,'👥 بيانات الموظفين'!$B:$J,9,0),0) -> 1500 | I8: =IF(B8="",0,IFERROR(SUMIFS('➕ الخصومات والمكافآت'!$E:$E,'➕ الخصومات والمكافآت'!$B:$B,B8,'➕ الخصومات والمكافآت'!$F:$F,PayPeriod,'➕ الخصومات والمكافآت'!$C:$C,"مكافأة"),0)) -> 6500 | J8: =IF(B8="","",F8+G8+H8+I8+R8) -> 45972.083 | K8: =IF(B8="",0,IFERROR(COUNTIFS('📅 الحضور'!$B:$B,B8,'📅 الحضور'!$L:$L,PayPeriod,'📅 الحضور'!$E:$E,"غائب")*F8/WorkDaysMonth,0)) -> 0 | L8: =IF(B8="",0,IFERROR(SUMIFS('📅 الحضور'!$I:$I,'📅 الحضور'!$B:$B,B8,'📅 الحضور'!$L:$L,PayPeriod)/60/WorkHoursDay*F8/WorkDaysMonth,0)) -> 29.166667 | M8: =IF(B8="",0,IFERROR(SUMIFS('➕ الخصومات والمكافآت'!$E:$E,'➕ الخصومات والمكافآت'!$B:$B,B8,'➕ الخصومات والمكافآت'!$F:$F,PayPeriod,'➕ الخصومات والمكافآت'!$C:$C,"خصم"),0)) -> 0 | N8: =IF(B8="","",K8+L8+M8+S8) -> 3529.1667 | O8: =IF(B8="","",J8-N8) -> 42442.917 | P8: قيد الصرف | Q8: =IF(B8="",0,IFERROR(SUMIFS('📅 الحضور'!$J:$J,'📅 الحضور'!$B:$B,B8,'📅 الحضور'!$L:$L,PayPeriod),0)) -> 16.983333 | R8: =IF(B8="",0,IFERROR(Q8*(F8/WorkHoursMonth)*OTRateRegular,0)) -> 2972.0833 | S8: =IF(B8="",0,IF(IFERROR(VLOOKUP(B8,'👥 بيانات الموظفين'!$B:$D,3,0),"")="سعودي",MIN(F8+G8,GosiCeiling)*GosiEmpRate,IF(IFERROR(VLOOKUP(B8,'👥 بيانات الموظفين'!$B:$D,3,0),"")="سعودية",MIN(F8+G8,GosiCeiling)*GosiEmpRate,0))) -> 3500 | T8: =IF(B8="",0,IF(OR(IFERROR(VLOOKUP(B8,'👥 بيانات الموظفين'!$B:$D,3,0),"")="سعودي",IFERROR(VLOOKUP(B8,'👥 بيانات الموظفين'!$B:$D,3,0),"")="سعودية"),MIN(F8+G8,GosiCeiling)*GosiCoRate,(F8+G8)*0.02)) -> 4200 | U8: =IF(B8="",0,IFERROR(IF(VLOOKUP(B8,'👥 بيانات الموظفين'!$B:$M,12,0)<5,F8/24,F8/12),0)) -> 2333.3333
A9: =IF(B9<>"",ROW()-4,"") -> 5 | B9: =IFERROR('👥 بيانات الموظفين'!B9,"") -> EMP005 | C9: =IFERROR(VLOOKUP(B9,'👥 بيانات الموظفين'!$B:$C,2,0),"") -> Rajesh Kumar Sharma | D9: =IFERROR(VLOOKUP(B9,'👥 بيانات الموظفين'!$B:$E,4,0),"") -> تقنية المعلومات | E9: =IF(B9="",0,IFERROR(COUNTIFS('📅 الحضور'!$B:$B,B9,'📅 الحضور'!$L:$L,PayPeriod,'📅 الحضور'!$E:$E,"حاضر")+COUNTIFS('📅 الحضور'!$B:$B,B9,'📅 الحضور'!$L:$L,PayPeriod,'📅 الحضور'!$E:$E,"متأخر"),0)) -> 15 | F9: =IFERROR(VLOOKUP(B9,'👥 بيانات الموظفين'!$B:$H,7,0),0) -> 18000 | G9: =IFERROR(VLOOKUP(B9,'👥 بيانات الموظفين'!$B:$I,8,0),0) -> 4500 | H9: =IFERROR(VLOOKUP(B9,'👥 بيانات الموظفين'!$B:$J,9,0),0) -> 1000 | I9: =IF(B9="",0,IFERROR(SUMIFS('➕ الخصومات والمكافآت'!$E:$E,'➕ الخصومات والمكافآت'!$B:$B,B9,'➕ الخصومات والمكافآت'!$F:$F,PayPeriod,'➕ الخصومات والمكافآت'!$C:$C,"مكافأة"),0)) -> 1500 | J9: =IF(B9="","",F9+G9+H9+I9+R9) -> 26511.25 | K9: =IF(B9="",0,IFERROR(COUNTIFS('📅 الحضور'!$B:$B,B9,'📅 الحضور'!$L:$L,PayPeriod,'📅 الحضور'!$E:$E,"غائب")*F9/WorkDaysMonth,0)) -> 0 | L9: =IF(B9="",0,IFERROR(SUMIFS('📅 الحضور'!$I:$I,'📅 الحضور'!$B:$B,B9,'📅 الحضور'!$L:$L,PayPeriod)/60/WorkHoursDay*F9/WorkDaysMonth,0)) -> 1000 | M9: =IF(B9="",0,IFERROR(SUMIFS('➕ الخصومات والمكافآت'!$E:$E,'➕ الخصومات والمكافآت'!$B:$B,B9,'➕ الخصومات والمكافآت'!$F:$F,PayPeriod,'➕ الخصومات والمكافآت'!$C:$C,"خصم"),0)) -> 600 | N9: =IF(B9="","",K9+L9+M9+S9) -> 1600 | O9: =IF(B9="","",J9-N9) -> 24911.25 | P9: قيد الصرف | Q9: =IF(B9="",0,IFERROR(SUMIFS('📅 الحضور'!$J:$J,'📅 الحضور'!$B:$B,B9,'📅 الحضور'!$L:$L,PayPeriod),0)) -> 13.433333 | R9: =IF(B9="",0,IFERROR(Q9*(F9/WorkHoursMonth)*OTRateRegular,0)) -> 1511.25 | S9: =IF(B9="",0,IF(IFERROR(VLOOKUP(B9,'👥 بيانات الموظفين'!$B:$D,3,0),"")="سعودي",MIN(F9+G9,GosiCeiling)*GosiEmpRate,IF(IFERROR(VLOOKUP(B9,'👥 بيانات الموظفين'!$B:$D,3,0),"")="سعودية",MIN(F9+G9,GosiCeiling)*GosiEmpRate,0))) -> 0 | T9: =IF(B9="",0,IF(OR(IFERROR(VLOOKUP(B9,'👥 بيانات الموظفين'!$B:$D,3,0),"")="سعودي",IFERROR(VLOOKUP(B9,'👥 بيانات الموظفين'!$B:$D,3,0),"")="سعودية"),MIN(F9+G9,GosiCeiling)*GosiCoRate,(F9+G9)*0.02)) -> 450 | U9: =IF(B9="",0,IFERROR(IF(VLOOKUP(B9,'👥 بيانات الموظفين'!$B:$M,12,0)<5,F9/24,F9/12),0)) -> 1500
A10: =IF(B10<>"",ROW()-4,"") -> 6 | B10: =IFERROR('👥 بيانات الموظفين'!B10,"") -> EMP006 | C10: =IFERROR(VLOOKUP(B10,'👥 بيانات الموظفين'!$B:$C,2,0),"") -> Mohamed Ahmed Hassan | D10: =IFERROR(VLOOKUP(B10,'👥 بيانات الموظفين'!$B:$E,4,0),"") -> تقنية المعلومات | E10: =IF(B10="",0,IFERROR(COUNTIFS('📅 الحضور'!$B:$B,B10,'📅 الحضور'!$L:$L,PayPeriod,'📅 الحضور'!$E:$E,"حاضر")+COUNTIFS('📅 الحضور'!$B:$B,B10,'📅 الحضور'!$L:$L,PayPeriod,'📅 الحضور'!$E:$E,"متأخر"),0)) -> 15 | F10: =IFERROR(VLOOKUP(B10,'👥 بيانات الموظفين'!$B:$H,7,0),0) -> 15000 | G10: =IFERROR(VLOOKUP(B10,'👥 بيانات الموظفين'!$B:$I,8,0),0) -> 3750 | H10: =IFERROR(VLOOKUP(B10,'👥 بيانات الموظفين'!$B:$J,9,0),0) -> 1000 | I10: =IF(B10="",0,IFERROR(SUMIFS('➕ الخصومات والمكافآت'!$E:$E,'➕ الخصومات والمكافآت'!$B:$B,B10,'➕ الخصومات والمكافآت'!$F:$F,PayPeriod,'➕ الخصومات والمكافآت'!$C:$C,"مكافأة"),0)) -> 2000 | J10: =IF(B10="","",F10+G10+H10+I10+R10) -> 23348.438 | K10: =IF(B10="",0,IFERROR(COUNTIFS('📅 الحضور'!$B:$B,B10,'📅 الحضور'!$L:$L,PayPeriod,'📅 الحضور'!$E:$E,"غائب")*F10/WorkDaysMonth,0)) -> 0 | L10: =IF(B10="",0,IFERROR(SUMIFS('📅 الحضور'!$I:$I,'📅 الحضور'!$B:$B,B10,'📅 الحضور'!$L:$L,PayPeriod)/60/WorkHoursDay*F10/WorkDaysMonth,0)) -> 0 | M10: =IF(B10="",0,IFERROR(SUMIFS('➕ الخصومات والمكافآت'!$E:$E,'➕ الخصومات والمكافآت'!$B:$B,B10,'➕ الخصومات والمكافآت'!$F:$F,PayPeriod,'➕ الخصومات والمكافآت'!$C:$C,"خصم"),0)) -> 1500 | N10: =IF(B10="","",K10+L10+M10+S10) -> 1500 | O10: =IF(B10="","",J10-N10) -> 21848.438 | Q10: =IF(B10="",0,IFERROR(SUMIFS('📅 الحضور'!$J:$J,'📅 الحضور'!$B:$B,B10,'📅 الحضور'!$L:$L,PayPeriod),0)) -> 17.05 | R10: =IF(B10="",0,IFERROR(Q10*(F10/WorkHoursMonth)*OTRateRegular,0)) -> 1598.4375 | S10: =IF(B10="",0,IF(IFERROR(VLOOKUP(B10,'👥 بيانات الموظفين'!$B:$D,3,0),"")="سعودي",MIN(F10+G10,GosiCeiling)*GosiEmpRate,IF(IFERROR(VLOOKUP(B10,'👥 بيانات الموظفين'!$B:$D,3,0),"")="سعودية",MIN(F10+G10,GosiCeiling)*GosiEmpRate,0))) -> 0 | T10: =IF(B10="",0,IF(OR(IFERROR(VLOOKUP(B10,'👥 بيانات الموظفين'!$B:$D,3,0),"")="سعودي",IFERROR(VLOOKUP(B10,'👥 بيانات الموظفين'!$B:$D,3,0),"")="سعودية"),MIN(F10+G10,GosiCeiling)*GosiCoRate,(F10+G10)*0.02)) -> 375 | U10: =IF(B10="",0,IFERROR(IF(VLOOKUP(B10,'👥 بيانات الموظفين'!$B:$M,12,0)<5,F10/24,F10/12),0)) -> 1250
A11: =IF(B11<>"",ROW()-4,"") -> 7 | B11: =IFERROR('👥 بيانات الموظفين'!B11,"") -> EMP007 | C11: =IFERROR(VLOOKUP(B11,'👥 بيانات الموظفين'!$B:$C,2,0),"") -> نورة عبدالله الشمري | D11: =IFERROR(VLOOKUP(B11,'👥 بيانات الموظفين'!$B:$E,4,0),"") -> تقنية المعلومات | E11: =IF(B11="",0,IFERROR(COUNTIFS('📅 الحضور'!$B:$B,B11,'📅 الحضور'!$L:$L,PayPeriod,'📅 الحضور'!$E:$E,"حاضر")+COUNTIFS('📅 الحضور'!$B:$B,B11,'📅 الحضور'!$L:$L,PayPeriod,'📅 الحضور'!$E:$E,"متأخر"),0)) -> 15 | F11: =IFERROR(VLOOKUP(B11,'👥 بيانات الموظفين'!$B:$H,7,0),0) -> 12000 | G11: =IFERROR(VLOOKUP(B11,'👥 بيانات الموظفين'!$B:$I,8,0),0) -> 3000 | H11: =IFERROR(VLOOKUP(B11,'👥 بيانات الموظفين'!$B:$J,9,0),0) -> 800 | I11: =IF(B11="",0,IFERROR(SUMIFS('➕ الخصومات والمكافآت'!$E:$E,'➕ الخصومات والمكافآت'!$B:$B,B11,'➕ الخصومات والمكافآت'!$F:$F,PayPeriod,'➕ الخصومات والمكافآت'!$C:$C,"مكافأة"),0)) -> 1000 | J11: =IF(B11="","",F11+G11+H11+I11+R11) -> 18078.75 | K11: =IF(B11="",0,IFERROR(COUNTIFS('📅 الحضور'!$B:$B,B11,'📅 الحضور'!$L:$L,PayPeriod,'📅 الحضور'!$E:$E,"غائب")*F11/WorkDaysMonth,0)) -> 0 | L11: =IF(B11="",0,IFERROR(SUMIFS('📅 الحضور'!$I:$I,'📅 الحضور'!$B:$B,B11,'📅 الحضور'!$L:$L,PayPeriod)/60/WorkHoursDay*F11/WorkDaysMonth,0)) -> 0 | M11: =IF(B11="",0,IFERROR(SUMIFS('➕ الخصومات والمكافآت'!$E:$E,'➕ الخصومات والمكافآت'!$B:$B,B11,'➕ الخصومات والمكافآت'!$F:$F,PayPeriod,'➕ الخصومات والمكافآت'!$C:$C,"خصم"),0)) -> 0 | N11: =IF(B11="","",K11+L11+M11+S11) -> 1500 | O11: =IF(B11="","",J11-N11) -> 16578.75 | Q11: =IF(B11="",0,IFERROR(SUMIFS('📅 الحضور'!$J:$J,'📅 الحضور'!$B:$B,B11,'📅 الحضور'!$L:$L,PayPeriod),0)) -> 17.05 | R11: =IF(B11="",0,IFERROR(Q11*(F11/WorkHoursMonth)*OTRateRegular,0)) -> 1278.75 | S11: =IF(B11="",0,IF(IFERROR(VLOOKUP(B11,'👥 بيانات الموظفين'!$B:$D,3,0),"")="سعودي",MIN(F11+G11,GosiCeiling)*GosiEmpRate,IF(IFERROR(VLOOKUP(B11,'👥 بيانات الموظفين'!$B:$D,3,0),"")="سعودية",MIN(F11+G11,GosiCeiling)*GosiEmpRate,0))) -> 1500 | T11: =IF(B11="",0,IF(OR(IFERROR(VLOOKUP(B11,'👥 بيانات الموظفين'!$B:$D,3,0),"")="سعودي",IFERROR(VLOOKUP(B11,'👥 بيانات الموظفين'!$B:$D,3,0),"")="سعودية"),MIN(F11+G11,GosiCeiling)*GosiCoRate,(F11+G11)*0.02)) -> 1800 | U11: =IF(B11="",0,IFERROR(IF(VLOOKUP(B11,'👥 بيانات الموظفين'!$B:$M,12,0)<5,F11/24,F11/12),0)) -> 500
A12: =IF(B12<>"",ROW()-4,"") -> 8 | B12: =IFERROR('👥 بيانات الموظفين'!B12,"") -> EMP008 | C12: =IFERROR(VLOOKUP(B12,'👥 بيانات الموظفين'!$B:$C,2,0),"") -> عبدالرحمن خالد المالكي | D12: =IFERROR(VLOOKUP(B12,'👥 بيانات الموظفين'!$B:$E,4,0),"") -> تقنية المعلومات | E12: =IF(B12="",0,IFERROR(COUNTIFS('📅 الحضور'!$B:$B,B12,'📅 الحضور'!$L:$L,PayPeriod,'📅 الحضور'!$E:$E,"حاضر")+COUNTIFS('📅 الحضور'!$B:$B,B12,'📅 الحضور'!$L:$L,PayPeriod,'📅 الحضور'!$E:$E,"متأخر"),0)) -> 13 | F12: =IFERROR(VLOOKUP(B12,'👥 بيانات الموظفين'!$B:$H,7,0),0) -> 14000 | G12: =IFERROR(VLOOKUP(B12,'👥 بيانات الموظفين'!$B:$I,8,0),0) -> 3500 | H12: =IFERROR(VLOOKUP(B12,'👥 بيانات الموظفين'!$B:$J,9,0),0) -> 900 | I12: =IF(B12="",0,IFERROR(SUMIFS('➕ الخصومات والمكافآت'!$E:$E,'➕ الخصومات والمكافآت'!$B:$B,B12,'➕ الخصومات والمكافآت'!$F:$F,PayPeriod,'➕ الخصومات والمكافآت'!$C:$C,"مكافأة"),0)) -> 0 | J12: =IF(B12="","",F12+G12+H12+I12+R12) -> 19760.625 | K12: =IF(B12="",0,IFERROR(COUNTIFS('📅 الحضور'!$B:$B,B12,'📅 الحضور'!$L:$L,PayPeriod,'📅 الحضور'!$E:$E,"غائب")*F12/WorkDaysMonth,0)) -> 0 | L12: =IF(B12="",0,IFERROR(SUMIFS('📅 الحضور'!$I:$I,'📅 الحضور'!$B:$B,B12,'📅 الحضور'!$L:$L,PayPeriod)/60/WorkHoursDay*F12/WorkDaysMonth,0)) -> 0 | M12: =IF(B12="",0,IFERROR(SUMIFS('➕ الخصومات والمكافآت'!$E:$E,'➕ الخصومات والمكافآت'!$B:$B,B12,'➕ الخصومات والمكافآت'!$F:$F,PayPeriod,'➕ الخصومات والمكافآت'!$C:$C,"خصم"),0)) -> 2000 | N12: =IF(B12="","",K12+L12+M12+S12) -> 3750 | O12: =IF(B12="","",J12-N12) -> 16010.625 | Q12: =IF(B12="",0,IFERROR(SUMIFS('📅 الحضور'!$J:$J,'📅 الحضور'!$B:$B,B12,'📅 الحضور'!$L:$L,PayPeriod),0)) -> 15.55 | R12: =IF(B12="",0,IFERROR(Q12*(F12/WorkHoursMonth)*OTRateRegular,0)) -> 1360.625 | S12: =IF(B12="",0,IF(IFERROR(VLOOKUP(B12,'👥 بيانات الموظفين'!$B:$D,3,0),"")="سعودي",MIN(F12+G12,GosiCeiling)*GosiEmpRate,IF(IFERROR(VLOOKUP(B12,'👥 بيانات الموظفين'!$B:$D,3,0),"")="سعودية",MIN(F12+G12,GosiCeiling)*GosiEmpRate,0))) -> 1750 | T12: =IF(B12="",0,IF(OR(IFERROR(VLOOKUP(B12,'👥 بيانات الموظفين'!$B:$D,3,0),"")="سعودي",IFERROR(VLOOKUP(B12,'👥 بيانات الموظفين'!$B:$D,3,0),"")="سعودية"),MIN(F12+G12,GosiCeiling)*GosiCoRate,(F12+G12)*0.02)) -> 2100 | U12: =IF(B12="",0,IFERROR(IF(VLOOKUP(B12,'👥 بيانات الموظفين'!$B:$M,12,0)<5,F12/24,F12/12),0)) -> 583.33333
A13: =IF(B13<>"",ROW()-4,"") -> 9 | B13: =IFERROR('👥 بيانات الموظفين'!B13,"") -> EMP009 | C13: =IFERROR(VLOOKUP(B13,'👥 بيانات الموظفين'!$B:$C,2,0),"") -> Ali Hassan Khan | D13: =IFERROR(VLOOKUP(B13,'👥 بيانات الموظفين'!$B:$E,4,0),"") -> تقنية المعلومات | E13: =IF(B13="",0,IFERROR(COUNTIFS('📅 الحضور'!$B:$B,B13,'📅 الحضور'!$L:$L,PayPeriod,'📅 الحضور'!$E:$E,"حاضر")+COUNTIFS('📅 الحضور'!$B:$B,B13,'📅 الحضور'!$L:$L,PayPeriod,'📅 الحضور'!$E:$E,"متأخر"),0)) -> 15 | F13: =IFERROR(VLOOKUP(B13,'👥 بيانات الموظفين'!$B:$H,7,0),0) -> 11000 | G13: =IFERROR(VLOOKUP(B13,'👥 بيانات الموظفين'!$B:$I,8,0),0) -> 2750 | H13: =IFERROR(VLOOKUP(B13,'👥 بيانات الموظفين'!$B:$J,9,0),0) -> 750 | I13: =IF(B13="",0,IFERROR(SUMIFS('➕ الخصومات والمكافآت'!$E:$E,'➕ الخصومات والمكافآت'!$B:$B,B13,'➕ الخصومات والمكافآت'!$F:$F,PayPeriod,'➕ الخصومات والمكافآت'!$C:$C,"مكافأة"),0)) -> 0 | J13: =IF(B13="","",F13+G13+H13+I13+R13) -> 15660.729 | K13: =IF(B13="",0,IFERROR(COUNTIFS('📅 الحضور'!$B:$B,B13,'📅 الحضور'!$L:$L,PayPeriod,'📅 الحضور'!$E:$E,"غائب")*F13/WorkDaysMonth,0)) -> 0 | L13: =IF(B13="",0,IFERROR(SUMIFS('📅 الحضور'!$I:$I,'📅 الحضور'!$B:$B,B13,'📅 الحضور'!$L:$L,PayPeriod)/60/WorkHoursDay*F13/WorkDaysMonth,0)) -> 18.333333 | M13: =IF(B13="",0,IFERROR(SUMIFS('➕ الخصومات والمكافآت'!$E:$E,'➕ الخصومات والمكافآت'!$B:$B,B13,'➕ الخصومات والمكافآت'!$F:$F,PayPeriod,'➕ الخصومات والمكافآت'!$C:$C,"خصم"),0)) -> 0 | N13: =IF(B13="","",K13+L13+M13+S13) -> 18.333333 | O13: =IF(B13="","",J13-N13) -> 15642.396 | Q13: =IF(B13="",0,IFERROR(SUMIFS('📅 الحضور'!$J:$J,'📅 الحضور'!$B:$B,B13,'📅 الحضور'!$L:$L,PayPeriod),0)) -> 16.883333 | R13: =IF(B13="",0,IFERROR(Q13*(F13/WorkHoursMonth)*OTRateRegular,0)) -> 1160.7292 | S13: =IF(B13="",0,IF(IFERROR(VLOOKUP(B13,'👥 بيانات الموظفين'!$B:$D,3,0),"")="سعودي",MIN(F13+G13,GosiCeiling)*GosiEmpRate,IF(IFERROR(VLOOKUP(B13,'👥 بيانات الموظفين'!$B:$D,3,0),"")="سعودية",MIN(F13+G13,GosiCeiling)*GosiEmpRate,0))) -> 0 | T13: =IF(B13="",0,IF(OR(IFERROR(VLOOKUP(B13,'👥 بيانات الموظفين'!$B:$D,3,0),"")="سعودي",IFERROR(VLOOKUP(B13,'👥 بيانات الموظفين'!$B:$D,3,0),"")="سعودية"),MIN(F13+G13,GosiCeiling)*GosiCoRate,(F13+G13)*0.02)) -> 275 | U13: =IF(B13="",0,IFERROR(IF(VLOOKUP(B13,'👥 بيانات الموظفين'!$B:$M,12,0)<5,F13/24,F13/12),0)) -> 458.33333
A14: =IF(B14<>"",ROW()-4,"") -> 10 | B14: =IFERROR('👥 بيانات الموظفين'!B14,"") -> EMP010 | C14: =IFERROR(VLOOKUP(B14,'👥 بيانات الموظفين'!$B:$C,2,0),"") -> ريم سعود العنزي | D14: =IFERROR(VLOOKUP(B14,'👥 بيانات الموظفين'!$B:$E,4,0),"") -> تقنية المعلومات | E14: =IF(B14="",0,IFERROR(COUNTIFS('📅 الحضور'!$B:$B,B14,'📅 الحضور'!$L:$L,PayPeriod,'📅 الحضور'!$E:$E,"حاضر")+COUNTIFS('📅 الحضور'!$B:$B,B14,'📅 الحضور'!$L:$L,PayPeriod,'📅 الحضور'!$E:$E,"متأخر"),0)) -> 15 | F14: =IFERROR(VLOOKUP(B14,'👥 بيانات الموظفين'!$B:$H,7,0),0) -> 9000 | G14: =IFERROR(VLOOKUP(B14,'👥 بيانات الموظفين'!$B:$I,8,0),0) -> 2250 | H14: =IFERROR(VLOOKUP(B14,'👥 بيانات الموظفين'!$B:$J,9,0),0) -> 700 | I14: =IF(B14="",0,IFERROR(SUMIFS('➕ الخصومات والمكافآت'!$E:$E,'➕ الخصومات والمكافآت'!$B:$B,B14,'➕ الخصومات والمكافآت'!$F:$F,PayPeriod,'➕ الخصومات والمكافآت'!$C:$C,"مكافأة"),0)) -> 2000 | J14: =IF(B14="","",F14+G14+H14+I14+R14) -> 14899.688 | K14: =IF(B14="",0,IFERROR(COUNTIFS('📅 الحضور'!$B:$B,B14,'📅 الحضور'!$L:$L,PayPeriod,'📅 الحضور'!$E:$E,"غائب")*F14/WorkDaysMonth,0)) -> 0 | L14: =IF(B14="",0,IFERROR(SUMIFS('📅 الحضور'!$I:$I,'📅 الحضور'!$B:$B,B14,'📅 الحضور'!$L:$L,PayPeriod)/60/WorkHoursDay*F14/WorkDaysMonth,0)) -> 0 | M14: =IF(B14="",0,IFERROR(SUMIFS('➕ الخصومات والمكافآت'!$E:$E,'➕ الخصومات والمكافآت'!$B:$B,B14,'➕ الخصومات والمكافآت'!$F:$F,PayPeriod,'➕ الخصومات والمكافآت'!$C:$C,"خصم"),0)) -> 0 | N14: =IF(B14="","",K14+L14+M14+S14) -> 1125 | O14: =IF(B14="","",J14-N14) -> 13774.688 | Q14: =IF(B14="",0,IFERROR(SUMIFS('📅 الحضور'!$J:$J,'📅 الحضور'!$B:$B,B14,'📅 الحضور'!$L:$L,PayPeriod),0)) -> 16.883333 | R14: =IF(B14="",0,IFERROR(Q14*(F14/WorkHoursMonth)*OTRateRegular,0)) -> 949.6875 | S14: =IF(B14="",0,IF(IFERROR(VLOOKUP(B14,'👥 بيانات الموظفين'!$B:$D,3,0),"")="سعودي",MIN(F14+G14,GosiCeiling)*GosiEmpRate,IF(IFERROR(VLOOKUP(B14,'👥 بيانات الموظفين'!$B:$D,3,0),"")="سعودية",MIN(F14+G14,GosiCeiling)*GosiEmpRate,0))) -> 1125 | T14: =IF(B14="",0,IF(OR(IFERROR(VLOOKUP(B14,'👥 بيانات الموظفين'!$B:$D,3,0),"")="سعودي",IFERROR(VLOOKUP(B14,'👥 بيانات الموظفين'!$B:$D,3,0),"")="سعودية"),MIN(F14+G14,GosiCeiling)*GosiCoRate,(F14+G14)*0.02)) -> 1350 | U14: =IF(B14="",0,IFERROR(IF(VLOOKUP(B14,'👥 بيانات الموظفين'!$B:$M,12,0)<5,F14/24,F14/12),0)) -> 375
A15: =IF(B15<>"",ROW()-4,"") -> 11 | B15: =IFERROR('👥 بيانات الموظفين'!B15,"") -> EMP011 | C15: =IFERROR(VLOOKUP(B15,'👥 بيانات الموظفين'!$B:$C,2,0),"") -> فهد عبدالله الشهري | D15: =IFERROR(VLOOKUP(B15,'👥 بيانات الموظفين'!$B:$E,4,0),"") -> تقنية المعلومات | E15: =IF(B15="",0,IFERROR(COUNTIFS('📅 الحضور'!$B:$B,B15,'📅 الحضور'!$L:$L,PayPeriod,'📅 الحضور'!$E:$E,"حاضر")+COUNTIFS('📅 الحضور'!$B:$B,B15,'📅 الحضور'!$L:$L,PayPeriod,'📅 الحضور'!$E:$E,"متأخر"),0)) -> 15 | F15: =IFERROR(VLOOKUP(B15,'👥 بيانات الموظفين'!$B:$H,7,0),0) -> 6500 | G15: =IFERROR(VLOOKUP(B15,'👥 بيانات الموظفين'!$B:$I,8,0),0) -> 1625 | H15: =IFERROR(VLOOKUP(B15,'👥 بيانات الموظفين'!$B:$J,9,0),0) -> 500 | I15: =IF(B15="",0,IFERROR(SUMIFS('➕ الخصومات والمكافآت'!$E:$E,'➕ الخصومات والمكافآت'!$B:$B,B15,'➕ الخصومات والمكافآت'!$F:$F,PayPeriod,'➕ الخصومات والمكافآت'!$C:$C,"مكافأة"),0)) -> 1500 | J15: =IF(B15="","",F15+G15+H15+I15+R15) -> 10787.865 | K15: =IF(B15="",0,IFERROR(COUNTIFS('📅 الحضور'!$B:$B,B15,'📅 الحضور'!$L:$L,PayPeriod,'📅 الحضور'!$E:$E,"غائب")*F15/WorkDaysMonth,0)) -> 0 | L15: =IF(B15="",0,IFERROR(SUMIFS('📅 الحضور'!$I:$I,'📅 الحضور'!$B:$B,B15,'📅 الحضور'!$L:$L,PayPeriod)/60/WorkHoursDay*F15/WorkDaysMonth,0)) -> 23.020833 | M15: =IF(B15="",0,IFERROR(SUMIFS('➕ الخصومات والمكافآت'!$E:$E,'➕ الخصومات والمكافآت'!$B:$B,B15,'➕ الخصومات والمكافآت'!$F:$F,PayPeriod,'➕ الخصومات والمكافآت'!$C:$C,"خصم"),0)) -> 0 | N15: =IF(B15="","",K15+L15+M15+S15) -> 835.52083 | O15: =IF(B15="","",J15-N15) -> 9952.3438 | Q15: =IF(B15="",0,IFERROR(SUMIFS('📅 الحضور'!$J:$J,'📅 الحضور'!$B:$B,B15,'📅 الحضور'!$L:$L,PayPeriod),0)) -> 16.316667 | R15: =IF(B15="",0,IFERROR(Q15*(F15/WorkHoursMonth)*OTRateRegular,0)) -> 662.86458 | S15: =IF(B15="",0,IF(IFERROR(VLOOKUP(B15,'👥 بيانات الموظفين'!$B:$D,3,0),"")="سعودي",MIN(F15+G15,GosiCeiling)*GosiEmpRate,IF(IFERROR(VLOOKUP(B15,'👥 بيانات الموظفين'!$B:$D,3,0),"")="سعودية",MIN(F15+G15,GosiCeiling)*GosiEmpRate,0))) -> 812.5 | T15: =IF(B15="",0,IF(OR(IFERROR(VLOOKUP(B15,'👥 بيانات الموظفين'!$B:$D,3,0),"")="سعودي",IFERROR(VLOOKUP(B15,'👥 بيانات الموظفين'!$B:$D,3,0),"")="سعودية"),MIN(F15+G15,GosiCeiling)*GosiCoRate,(F15+G15)*0.02)) -> 975 | U15: =IF(B15="",0,IFERROR(IF(VLOOKUP(B15,'👥 بيانات الموظفين'!$B:$M,12,0)<5,F15/24,F15/12),0)) -> 270.83333
A16: =IF(B16<>"",ROW()-4,"") -> 12 | B16: =IFERROR('👥 بيانات الموظفين'!B16,"") -> EMP012 | C16: =IFERROR(VLOOKUP(B16,'👥 بيانات الموظفين'!$B:$C,2,0),"") -> ماجد سلطان الغامدي | D16: =IFERROR(VLOOKUP(B16,'👥 بيانات الموظفين'!$B:$E,4,0),"") -> المبيعات | E16: =IF(B16="",0,IFERROR(COUNTIFS('📅 الحضور'!$B:$B,B16,'📅 الحضور'!$L:$L,PayPeriod,'📅 الحضور'!$E:$E,"حاضر")+COUNTIFS('📅 الحضور'!$B:$B,B16,'📅 الحضور'!$L:$L,PayPeriod,'📅 الحضور'!$E:$E,"متأخر"),0)) -> 15 | F16: =IFERROR(VLOOKUP(B16,'👥 بيانات الموظفين'!$B:$H,7,0),0) -> 20000 | G16: =IFERROR(VLOOKUP(B16,'👥 بيانات الموظفين'!$B:$I,8,0),0) -> 5000 | H16: =IFERROR(VLOOKUP(B16,'👥 بيانات الموظفين'!$B:$J,9,0),0) -> 1500 | I16: =IF(B16="",0,IFERROR(SUMIFS('➕ الخصومات والمكافآت'!$E:$E,'➕ الخصومات والمكافآت'!$B:$B,B16,'➕ الخصومات والمكافآت'!$F:$F,PayPeriod,'➕ الخصومات والمكافآت'!$C:$C,"مكافأة"),0)) -> 8500 | J16: =IF(B16="","",F16+G16+H16+I16+R16) -> 37189.583 | K16: =IF(B16="",0,IFERROR(COUNTIFS('📅 الحضور'!$B:$B,B16,'📅 الحضور'!$L:$L,PayPeriod,'📅 الحضور'!$E:$E,"غائب")*F16/WorkDaysMonth,0)) -> 0 | L16: =IF(B16="",0,IFERROR(SUMIFS('📅 الحضور'!$I:$I,'📅 الحضور'!$B:$B,B16,'📅 الحضور'!$L:$L,PayPeriod)/60/WorkHoursDay*F16/WorkDaysMonth,0)) -> 0 | M16: =IF(B16="",0,IFERROR(SUMIFS('➕ الخصومات والمكافآت'!$E:$E,'➕ الخصومات والمكافآت'!$B:$B,B16,'➕ الخصومات والمكافآت'!$F:$F,PayPeriod,'➕ الخصومات والمكافآت'!$C:$C,"خصم"),0)) -> 0 | N16: =IF(B16="","",K16+L16+M16+S16) -> 2500 | O16: =IF(B16="","",J16-N16) -> 34689.583 | Q16: =IF(B16="",0,IFERROR(SUMIFS('📅 الحضور'!$J:$J,'📅 الحضور'!$B:$B,B16,'📅 الحضور'!$L:$L,PayPeriod),0)) -> 17.516667 | R16: =IF(B16="",0,IFERROR(Q16*(F16/WorkHoursMonth)*OTRateRegular,0)) -> 2189.5833 | S16: =IF(B16="",0,IF(IFERROR(VLOOKUP(B16,'👥 بيانات الموظفين'!$B:$D,3,0),"")="سعودي",MIN(F16+G16,GosiCeiling)*GosiEmpRate,IF(IFERROR(VLOOKUP(B16,'👥 بيانات الموظفين'!$B:$D,3,0),"")="سعودية",MIN(F16+G16,GosiCeiling)*GosiEmpRate,0))) -> 2500 | T16: =IF(B16="",0,IF(OR(IFERROR(VLOOKUP(B16,'👥 بيانات الموظفين'!$B:$D,3,0),"")="سعودي",IFERROR(VLOOKUP(B16,'👥 بيانات الموظفين'!$B:$D,3,0),"")="سعودية"),MIN(F16+G16,GosiCeiling)*GosiCoRate,(F16+G16)*0.02)) -> 3000 | U16: =IF(B16="",0,IFERROR(IF(VLOOKUP(B16,'👥 بيانات الموظفين'!$B:$M,12,0)<5,F16/24,F16/12),0)) -> 1666.6667
A17: =IF(B17<>"",ROW()-4,"") -> 13 | B17: =IFERROR('👥 بيانات الموظفين'!B17,"") -> EMP013 | C17: =IFERROR(VLOOKUP(B17,'👥 بيانات الموظفين'!$B:$C,2,0),"") -> سارة أحمد الحربي | D17: =IFERROR(VLOOKUP(B17,'👥 بيانات الموظفين'!$B:$E,4,0),"") -> المبيعات | E17: =IF(B17="",0,IFERROR(COUNTIFS('📅 الحضور'!$B:$B,B17,'📅 الحضور'!$L:$L,PayPeriod,'📅 الحضور'!$E:$E,"حاضر")+COUNTIFS('📅 الحضور'!$B:$B,B17,'📅 الحضور'!$L:$L,PayPeriod,'📅 الحضور'!$E:$E,"متأخر"),0)) -> 15 | F17: =IFERROR(VLOOKUP(B17,'👥 بيانات الموظفين'!$B:$H,7,0),0) -> 10000 | G17: =IFERROR(VLOOKUP(B17,'👥 بيانات الموظفين'!$B:$I,8,0),0) -> 2500 | H17: =IFERROR(VLOOKUP(B17,'👥 بيانات الموظفين'!$B:$J,9,0),0) -> 1500 | I17: =IF(B17="",0,IFERROR(SUMIFS('➕ الخصومات والمكافآت'!$E:$E,'➕ الخصومات والمكافآت'!$B:$B,B17,'➕ الخصومات والمكافآت'!$F:$F,PayPeriod,'➕ الخصومات والمكافآت'!$C:$C,"مكافأة"),0)) -> 3300 | J17: =IF(B17="","",F17+G17+H17+I17+R17) -> 18608.333 | K17: =IF(B17="",0,IFERROR(COUNTIFS('📅 الحضور'!$B:$B,B17,'📅 الحضور'!$L:$L,PayPeriod,'📅 الحضور'!$E:$E,"غائب")*F17/WorkDaysMonth,0)) -> 0 | L17: =IF(B17="",0,IFERROR(SUMIFS('📅 الحضور'!$I:$I,'📅 الحضور'!$B:$B,B17,'📅 الحضور'!$L:$L,PayPeriod)/60/WorkHoursDay*F17/WorkDaysMonth,0)) -> 0 | M17: =IF(B17="",0,IFERROR(SUMIFS('➕ الخصومات والمكافآت'!$E:$E,'➕ الخصومات والمكافآت'!$B:$B,B17,'➕ الخصومات والمكافآت'!$F:$F,PayPeriod,'➕ الخصومات والمكافآت'!$C:$C,"خصم"),0)) -> 0 | N17: =IF(B17="","",K17+L17+M17+S17) -> 1250 | O17: =IF(B17="","",J17-N17) -> 17358.333 | Q17: =IF(B17="",0,IFERROR(SUMIFS('📅 الحضور'!$J:$J,'📅 الحضور'!$B:$B,B17,'📅 الحضور'!$L:$L,PayPeriod),0)) -> 20.933333 | R17: =IF(B17="",0,IFERROR(Q17*(F17/WorkHoursMonth)*OTRateRegular,0)) -> 1308.3333 | S17: =IF(B17="",0,IF(IFERROR(VLOOKUP(B17,'👥 بيانات الموظفين'!$B:$D,3,0),"")="سعودي",MIN(F17+G17,GosiCeiling)*GosiEmpRate,IF(IFERROR(VLOOKUP(B17,'👥 بيانات الموظفين'!$B:$D,3,0),"")="سعودية",MIN(F17+G17,GosiCeiling)*GosiEmpRate,0))) -> 1250 | T17: =IF(B17="",0,IF(OR(IFERROR(VLOOKUP(B17,'👥 بيانات الموظفين'!$B:$D,3,0),"")="سعودي",IFERROR(VLOOKUP(B17,'👥 بيانات الموظفين'!$B:$D,3,0),"")="سعودية"),MIN(F17+G17,GosiCeiling)*GosiCoRate,(F17+G17)*0.02)) -> 1500 | U17: =IF(B17="",0,IFERROR(IF(VLOOKUP(B17,'👥 بيانات الموظفين'!$B:$M,12,0)<5,F17/24,F17/12),0)) -> 416.66667
A18: =IF(B18<>"",ROW()-4,"") -> 14 | B18: =IFERROR('👥 بيانات الموظفين'!B18,"") -> EMP014 | C18: =IFERROR(VLOOKUP(B18,'👥 بيانات الموظفين'!$B:$C,2,0),"") -> بدر فهد المطيري | D18: =IFERROR(VLOOKUP(B18,'👥 بيانات الموظفين'!$B:$E,4,0),"") -> المبيعات | E18: =IF(B18="",0,IFERROR(COUNTIFS('📅 الحضور'!$B:$B,B18,'📅 الحضور'!$L:$L,PayPeriod,'📅 الحضور'!$E:$E,"حاضر")+COUNTIFS('📅 الحضور'!$B:$B,B18,'📅 الحضور'!$L:$L,PayPeriod,'📅 الحضور'!$E:$E,"متأخر"),0)) -> 12 | F18: =IFERROR(VLOOKUP(B18,'👥 بيانات الموظفين'!$B:$H,7,0),0) -> 8000 | G18: =IFERROR(VLOOKUP(B18,'👥 بيانات الموظفين'!$B:$I,8,0),0) -> 2000 | H18: =IFERROR(VLOOKUP(B18,'👥 بيانات الموظفين'!$B:$J,9,0),0) -> 1200 | I18: =IF(B18="",0,IFERROR(SUMIFS('➕ الخصومات والمكافآت'!$E:$E,'➕ الخصومات والمكافآت'!$B:$B,B18,'➕ الخصومات والمكافآت'!$F:$F,PayPeriod,'➕ الخصومات والمكافآت'!$C:$C,"مكافأة"),0)) -> 0 | J18: =IF(B18="","",F18+G18+H18+I18+R18) -> 11816.667 | K18: =IF(B18="",0,IFERROR(COUNTIFS('📅 الحضور'!$B:$B,B18,'📅 الحضور'!$L:$L,PayPeriod,'📅 الحضور'!$E:$E,"غائب")*F18/WorkDaysMonth,0)) -> 800 | L18: =IF(B18="",0,IFERROR(SUMIFS('📅 الحضور'!$I:$I,'📅 الحضور'!$B:$B,B18,'📅 الحضور'!$L:$L,PayPeriod)/60/WorkHoursDay*F18/WorkDaysMonth,0)) -> 39.444444 | M18: =IF(B18="",0,IFERROR(SUMIFS('➕ الخصومات والمكافآت'!$E:$E,'➕ الخصومات والمكافآت'!$B:$B,B18,'➕ الخصومات والمكافآت'!$F:$F,PayPeriod,'➕ الخصومات والمكافآت'!$C:$C,"خصم"),0)) -> 1200 | N18: =IF(B18="","",K18+L18+M18+S18) -> 3039.4444 | O18: =IF(B18="","",J18-N18) -> 8777.2222 | Q18: =IF(B18="",0,IFERROR(SUMIFS('📅 الحضور'!$J:$J,'📅 الحضور'!$B:$B,B18,'📅 الحضور'!$L:$L,PayPeriod),0)) -> 12.333333 | R18: =IF(B18="",0,IFERROR(Q18*(F18/WorkHoursMonth)*OTRateRegular,0)) -> 616.66667 | S18: =IF(B18="",0,IF(IFERROR(VLOOKUP(B18,'👥 بيانات الموظفين'!$B:$D,3,0),"")="سعودي",MIN(F18+G18,GosiCeiling)*GosiEmpRate,IF(IFERROR(VLOOKUP(B18,'👥 بيانات الموظفين'!$B:$D,3,0),"")="سعودية",MIN(F18+G18,GosiCeiling)*GosiEmpRate,0))) -> 1000 | T18: =IF(B18="",0,IF(OR(IFERROR(VLOOKUP(B18,'👥 بيانات الموظفين'!$B:$D,3,0),"")="سعودي",IFERROR(VLOOKUP(B18,'👥 بيانات الموظفين'!$B:$D,3,0),"")="سعودية"),MIN(F18+G18,GosiCeiling)*GosiCoRate,(F18+G18)*0.02)) -> 1200 | U18: =IF(B18="",0,IFERROR(IF(VLOOKUP(B18,'👥 بيانات الموظفين'!$B:$M,12,0)<5,F18/24,F18/12),0)) -> 333.33333
A19: =IF(B19<>"",ROW()-4,"") -> 15 | B19: =IFERROR('👥 بيانات الموظفين'!B19,"") -> EMP015 | C19: =IFERROR(VLOOKUP(B19,'👥 بيانات الموظفين'!$B:$C,2,0),"") -> Omar Khalid Mansour | D19: =IFERROR(VLOOKUP(B19,'👥 بيانات الموظفين'!$B:$E,4,0),"") -> المبيعات | E19: =IF(B19="",0,IFERROR(COUNTIFS('📅 الحضور'!$B:$B,B19,'📅 الحضور'!$L:$L,PayPeriod,'📅 الحضور'!$E:$E,"حاضر")+COUNTIFS('📅 الحضور'!$B:$B,B19,'📅 الحضور'!$L:$L,PayPeriod,'📅 الحضور'!$E:$E,"متأخر"),0)) -> 13 | F19: =IFERROR(VLOOKUP(B19,'👥 بيانات الموظفين'!$B:$H,7,0),0) -> 7000 | G19: =IFERROR(VLOOKUP(B19,'👥 بيانات الموظفين'!$B:$I,8,0),0) -> 1750 | H19: =IFERROR(VLOOKUP(B19,'👥 بيانات الموظفين'!$B:$J,9,0),0) -> 1000 | I19: =IF(B19="",0,IFERROR(SUMIFS('➕ الخصومات والمكافآت'!$E:$E,'➕ الخصومات والمكافآت'!$B:$B,B19,'➕ الخصومات والمكافآت'!$F:$F,PayPeriod,'➕ الخصومات والمكافآت'!$C:$C,"مكافأة"),0)) -> 0 | J19: =IF(B19="","",F19+G19+H19+I19+R19) -> 10345.729 | K19: =IF(B19="",0,IFERROR(COUNTIFS('📅 الحضور'!$B:$B,B19,'📅 الحضور'!$L:$L,PayPeriod,'📅 الحضور'!$E:$E,"غائب")*F19/WorkDaysMonth,0)) -> 0 | L19: =IF(B19="",0,IFERROR(SUMIFS('📅 الحضور'!$I:$I,'📅 الحضور'!$B:$B,B19,'📅 الحضور'!$L:$L,PayPeriod)/60/WorkHoursDay*F19/WorkDaysMonth,0)) -> 18.472222 | M19: =IF(B19="",0,IFERROR(SUMIFS('➕ الخصومات والمكافآت'!$E:$E,'➕ الخصومات والمكافآت'!$B:$B,B19,'➕ الخصومات والمكافآت'!$F:$F,PayPeriod,'➕ الخصومات والمكافآت'!$C:$C,"خصم"),0)) -> 0 | N19: =IF(B19="","",K19+L19+M19+S19) -> 18.472222 | O19: =IF(B19="","",J19-N19) -> 10327.257 | Q19: =IF(B19="",0,IFERROR(SUMIFS('📅 الحضور'!$J:$J,'📅 الحضور'!$B:$B,B19,'📅 الحضور'!$L:$L,PayPeriod),0)) -> 13.616667 | R19: =IF(B19="",0,IFERROR(Q19*(F19/WorkHoursMonth)*OTRateRegular,0)) -> 595.72917 | S19: =IF(B19="",0,IF(IFERROR(VLOOKUP(B19,'👥 بيانات الموظفين'!$B:$D,3,0),"")="سعودي",MIN(F19+G19,GosiCeiling)*GosiEmpRate,IF(IFERROR(VLOOKUP(B19,'👥 بيانات الموظفين'!$B:$D,3,0),"")="سعودية",MIN(F19+G19,GosiCeiling)*GosiEmpRate,0))) -> 0 | T19: =IF(B19="",0,IF(OR(IFERROR(VLOOKUP(B19,'👥 بيانات الموظفين'!$B:$D,3,0),"")="سعودي",IFERROR(VLOOKUP(B19,'👥 بيانات الموظفين'!$B:$D,3,0),"")="سعودية"),MIN(F19+G19,GosiCeiling)*GosiCoRate,(F19+G19)*0.02)) -> 175 | U19: =IF(B19="",0,IFERROR(IF(VLOOKUP(B19,'👥 بيانات الموظفين'!$B:$M,12,0)<5,F19/24,F19/12),0)) -> 291.66667
A20: =IF(B20<>"",ROW()-4,"") -> 16 | B20: =IFERROR('👥 بيانات الموظفين'!B20,"") -> EMP016 | C20: =IFERROR(VLOOKUP(B20,'👥 بيانات الموظفين'!$B:$C,2,0),"") -> هند ناصر القرشي | D20: =IFERROR(VLOOKUP(B20,'👥 بيانات الموظفين'!$B:$E,4,0),"") -> المبيعات | E20: =IF(B20="",0,IFERROR(COUNTIFS('📅 الحضور'!$B:$B,B20,'📅 الحضور'!$L:$L,PayPeriod,'📅 الحضور'!$E:$E,"حاضر")+COUNTIFS('📅 الحضور'!$B:$B,B20,'📅 الحضور'!$L:$L,PayPeriod,'📅 الحضور'!$E:$E,"متأخر"),0)) -> 15 | F20: =IFERROR(VLOOKUP(B20,'👥 بيانات الموظفين'!$B:$H,7,0),0) -> 6000 | G20: =IFERROR(VLOOKUP(B20,'👥 بيانات الموظفين'!$B:$I,8,0),0) -> 1500 | H20: =IFERROR(VLOOKUP(B20,'👥 بيانات الموظفين'!$B:$J,9,0),0) -> 800 | I20: =IF(B20="",0,IFERROR(SUMIFS('➕ الخصومات والمكافآت'!$E:$E,'➕ الخصومات والمكافآت'!$B:$B,B20,'➕ الخصومات والمكافآت'!$F:$F,PayPeriod,'➕ الخصومات والمكافآت'!$C:$C,"مكافأة"),0)) -> 0 | J20: =IF(B20="","",F20+G20+H20+I20+R20) -> 8819.375 | K20: =IF(B20="",0,IFERROR(COUNTIFS('📅 الحضور'!$B:$B,B20,'📅 الحضور'!$L:$L,PayPeriod,'📅 الحضور'!$E:$E,"غائب")*F20/WorkDaysMonth,0)) -> 0 | L20: =IF(B20="",0,IFERROR(SUMIFS('📅 الحضور'!$I:$I,'📅 الحضور'!$B:$B,B20,'📅 الحضور'!$L:$L,PayPeriod)/60/WorkHoursDay*F20/WorkDaysMonth,0)) -> 60.416667 | M20: =IF(B20="",0,IFERROR(SUMIFS('➕ الخصومات والمكافآت'!$E:$E,'➕ الخصومات والمكافآت'!$B:$B,B20,'➕ الخصومات والمكافآت'!$F:$F,PayPeriod,'➕ الخصومات والمكافآت'!$C:$C,"خصم"),0)) -> 0 | N20: =IF(B20="","",K20+L20+M20+S20) -> 810.41667 | O20: =IF(B20="","",J20-N20) -> 8008.9583 | Q20: =IF(B20="",0,IFERROR(SUMIFS('📅 الحضور'!$J:$J,'📅 الحضور'!$B:$B,B20,'📅 الحضور'!$L:$L,PayPeriod),0)) -> 13.85 | R20: =IF(B20="",0,IFERROR(Q20*(F20/WorkHoursMonth)*OTRateRegular,0)) -> 519.375 | S20: =IF(B20="",0,IF(IFERROR(VLOOKUP(B20,'👥 بيانات الموظفين'!$B:$D,3,0),"")="سعودي",MIN(F20+G20,GosiCeiling)*GosiEmpRate,IF(IFERROR(VLOOKUP(B20,'👥 بيانات الموظفين'!$B:$D,3,0),"")="سعودية",MIN(F20+G20,GosiCeiling)*GosiEmpRate,0))) -> 750 | T20: =IF(B20="",0,IF(OR(IFERROR(VLOOKUP(B20,'👥 بيانات الموظفين'!$B:$D,3,0),"")="سعودي",IFERROR(VLOOKUP(B20,'👥 بيانات الموظفين'!$B:$D,3,0),"")="سعودية"),MIN(F20+G20,GosiCeiling)*GosiCoRate,(F20+G20)*0.02)) -> 900 | U20: =IF(B20="",0,IFERROR(IF(VLOOKUP(B20,'👥 بيانات الموظفين'!$B:$M,12,0)<5,F20/24,F20/12),0)) -> 250
A21: =IF(B21<>"",ROW()-4,"") -> 17 | B21: =IFERROR('👥 بيانات الموظفين'!B21,"") -> EMP017 | C21: =IFERROR(VLOOKUP(B21,'👥 بيانات الموظفين'!$B:$C,2,0),"") -> عبدالملك سعد التميمي | D21: =IFERROR(VLOOKUP(B21,'👥 بيانات الموظفين'!$B:$E,4,0),"") -> التسويق | E21: =IF(B21="",0,IFERROR(COUNTIFS('📅 الحضور'!$B:$B,B21,'📅 الحضور'!$L:$L,PayPeriod,'📅 الحضور'!$E:$E,"حاضر")+COUNTIFS('📅 الحضور'!$B:$B,B21,'📅 الحضور'!$L:$L,PayPeriod,'📅 الحضور'!$E:$E,"متأخر"),0)) -> 15 | F21: =IFERROR(VLOOKUP(B21,'👥 بيانات الموظفين'!$B:$H,7,0),0) -> 18000 | G21: =IFERROR(VLOOKUP(B21,'👥 بيانات الموظفين'!$B:$I,8,0),0) -> 4500 | H21: =IFERROR(VLOOKUP(B21,'👥 بيانات الموظفين'!$B:$J,9,0),0) -> 1200 | I21: =IF(B21="",0,IFERROR(SUMIFS('➕ الخصومات والمكافآت'!$E:$E,'➕ الخصومات والمكافآت'!$B:$B,B21,'➕ الخصومات والمكافآت'!$F:$F,PayPeriod,'➕ الخصومات والمكافآت'!$C:$C,"مكافأة"),0)) -> 0 | J21: =IF(B21="","",F21+G21+H21+I21+R21) -> 25516.875 | K21: =IF(B21="",0,IFERROR(COUNTIFS('📅 الحضور'!$B:$B,B21,'📅 الحضور'!$L:$L,PayPeriod,'📅 الحضور'!$E:$E,"غائب")*F21/WorkDaysMonth,0)) -> 0 | L21: =IF(B21="",0,IFERROR(SUMIFS('📅 الحضور'!$I:$I,'📅 الحضور'!$B:$B,B21,'📅 الحضور'!$L:$L,PayPeriod)/60/WorkHoursDay*F21/WorkDaysMonth,0)) -> 30 | M21: =IF(B21="",0,IFERROR(SUMIFS('➕ الخصومات والمكافآت'!$E:$E,'➕ الخصومات والمكافآت'!$B:$B,B21,'➕ الخصومات والمكافآت'!$F:$F,PayPeriod,'➕ الخصومات والمكافآت'!$C:$C,"خصم"),0)) -> 0 | N21: =IF(B21="","",K21+L21+M21+S21) -> 2280 | O21: =IF(B21="","",J21-N21) -> 23236.875 | Q21: =IF(B21="",0,IFERROR(SUMIFS('📅 الحضور'!$J:$J,'📅 الحضور'!$B:$B,B21,'📅 الحضور'!$L:$L,PayPeriod),0)) -> 16.15 | R21: =IF(B21="",0,IFERROR(Q21*(F21/WorkHoursMonth)*OTRateRegular,0)) -> 1816.875 | S21: =IF(B21="",0,IF(IFERROR(VLOOKUP(B21,'👥 بيانات الموظفين'!$B:$D,3,0),"")="سعودي",MIN(F21+G21,GosiCeiling)*GosiEmpRate,IF(IFERROR(VLOOKUP(B21,'👥 بيانات الموظفين'!$B:$D,3,0),"")="سعودية",MIN(F21+G21,GosiCeiling)*GosiEmpRate,0))) -> 2250 | T21: =IF(B21="",0,IF(OR(IFERROR(VLOOKUP(B21,'👥 بيانات الموظفين'!$B:$D,3,0),"")="سعودي",IFERROR(VLOOKUP(B21,'👥 بيانات الموظفين'!$B:$D,3,0),"")="سعودية"),MIN(F21+G21,GosiCeiling)*GosiCoRate,(F21+G21)*0.02)) -> 2700 | U21: =IF(B21="",0,IFERROR(IF(VLOOKUP(B21,'👥 بيانات الموظفين'!$B:$M,12,0)<5,F21/24,F21/12),0)) -> 1500
... A204: =IF(B204<>"",ROW()-4,"") -> 200 | B204: =IFERROR('👥 بيانات الموظفين'!B204,"") -> 0 | C204: =IFERROR(VLOOKUP(B204,'👥 بيانات الموظفين'!$B:$C,2,0),"") | D204: =IFERROR(VLOOKUP(B204,'👥 بيانات الموظفين'!$B:$E,4,0),"") | E204: =IF(B204="",0,IFERROR(COUNTIFS('📅 الحضور'!$B:$B,B204,'📅 الحضور'!$L:$L,PayPeriod,'📅 الحضور'!$E:$E,"حاضر")+COUNTIFS('📅 الحضور'!$B:$B,B204,'📅 الحضور'!$L:$L,PayPeriod,'📅 الحضور'!$E:$E,"متأخر"),0)) -> 0 | F204: =IFERROR(VLOOKUP(B204,'👥 بيانات الموظفين'!$B:$H,7,0),0) -> 0 | G204: =IFERROR(VLOOKUP(B204,'👥 بيانات الموظفين'!$B:$I,8,0),0) -> 0 | H204: =IFERROR(VLOOKUP(B204,'👥 بيانات الموظفين'!$B:$J,9,0),0) -> 0 | I204: =IF(B204="",0,IFERROR(SUMIFS('➕ الخصومات والمكافآت'!$E:$E,'➕ الخصومات والمكافآت'!$B:$B,B204,'➕ الخصومات والمكافآت'!$F:$F,PayPeriod,'➕ الخصومات والمكافآت'!$C:$C,"مكافأة"),0)) -> 0 | J204: =IF(B204="","",F204+G204+H204+I204+R204) -> 0 | K204: =IF(B204="",0,IFERROR(COUNTIFS('📅 الحضور'!$B:$B,B204,'📅 الحضور'!$L:$L,PayPeriod,'📅 الحضور'!$E:$E,"غائب")*F204/WorkDaysMonth,0)) -> 0 | L204: =IF(B204="",0,IFERROR(SUMIFS('📅 الحضور'!$I:$I,'📅 الحضور'!$B:$B,B204,'📅 الحضور'!$L:$L,PayPeriod)/60/WorkHoursDay*F204/WorkDaysMonth,0)) -> 0 | M204: =IF(B204="",0,IFERROR(SUMIFS('➕ الخصومات والمكافآت'!$E:$E,'➕ الخصومات والمكافآت'!$B:$B,B204,'➕ الخصومات والمكافآت'!$F:$F,PayPeriod,'➕ الخصومات والمكافآت'!$C:$C,"خصم"),0)) -> 0 | N204: =IF(B204="","",K204+L204+M204+S204) -> 0 | O204: =IF(B204="","",J204-N204) -> 0 | Q204: =IF(B204="",0,IFERROR(SUMIFS('📅 الحضور'!$J:$J,'📅 الحضور'!$B:$B,B204,'📅 الحضور'!$L:$L,PayPeriod),0)) -> 0 | R204: =IF(B204="",0,IFERROR(Q204*(F204/WorkHoursMonth)*OTRateRegular,0)) -> 0 | S204: =IF(B204="",0,IF(IFERROR(VLOOKUP(B204,'👥 بيانات الموظفين'!$B:$D,3,0),"")="سعودي",MIN(F204+G204,GosiCeiling)*GosiEmpRate,IF(IFERROR(VLOOKUP(B204,'👥 بيانات الموظفين'!$B:$D,3,0),"")="سعودية",MIN(F204+G204,GosiCeiling)*GosiEmpRate,0))) -> 0 | T204: =IF(B204="",0,IF(OR(IFERROR(VLOOKUP(B204,'👥 بيانات الموظفين'!$B:$D,3,0),"")="سعودي",IFERROR(VLOOKUP(B204,'👥 بيانات الموظفين'!$B:$D,3,0),"")="سعودية"),MIN(F204+G204,GosiCeiling)*GosiCoRate,(F204+G204)*0.02)) -> 0 | U204: =IF(B204="",0,IFERROR(IF(VLOOKUP(B204,'👥 بيانات الموظفين'!$B:$M,12,0)<5,F204/24,F204/12),0)) -> 0
A205: الإجمالي الكلي | F205: =SUM(F5:F204) -> 419000 | G205: =SUM(G5:G204) -> 104750 | H205: =SUM(H5:H204) -> 30650 | I205: =SUM(I5:I204) -> 51600 | J205: =SUM(J5:J204) -> 647467.08 | K205: =SUM(K5:K204) -> 800 | L205: =SUM(L5:L204) -> 1621.0417 | M205: =SUM(M5:M204) -> 5700 | ... O205: =SUM(O5:O204) -> 597533.54 | Q205: =SUM(Q5:Q204) -> 458.23333 | R205: =SUM(R5:R204) -> 41467.083 | S205: =SUM(S5:S204) -> 41812.5 | T205: =SUM(T5:T204) -> 52137.5 | U205: =SUM(U5:U204) -> 28500

Sheet 🌴 الإجازات
A1: 🌴 إدارة الإجازات والرصيد
A2: Leave Management — يتم تحديث الرصيد تلقائياً
A4: م | B4: رقم الموظف | C4: اسم الموظف | D4: نوع الإجازة | E4: تاريخ البداية | F4: الحالة | G4: تاريخ النهاية | H4: عدد الأيام | I4: الرصيد المتبقي | J4: سبب الإجازة | K4: حالة الإجازة | L4: ملاحظات
A5: 1 | B5: EMP019 | C5: =IFERROR(VLOOKUP(B5,'👥 بيانات الموظفين'!B:C,2,0),"") -> Maria Garcia Lopez | D5: سنوية | E5: =DATEVALUE("2026-04-22") -> 46134 | F5: =DATEVALUE("2026-04-30") -> 46142 | G5: =IFERROR(IF(AND(E5<>"",F5<>""),F5-E5+1,""),"") -> 9 | H5: =IF(AND(E5<>"",G5<>""),NETWORKDAYS(E5,G5),"") -> -32948 | I5: إجازة سنوية مخططة | J5: عبدالملك التميمي | K5: معتمدة
A6: 2 | B6: EMP015 | C6: =IFERROR(VLOOKUP(B6,'👥 بيانات الموظفين'!B:C,2,0),"") -> Omar Khalid Mansour | D6: زواج | E6: =DATEVALUE("2026-04-07") -> 46119 | F6: =DATEVALUE("2026-04-13") -> 46125 | G6: =IFERROR(IF(AND(E6<>"",F6<>""),F6-E6+1,""),"") -> 7 | H6: =IF(AND(E6<>"",G6<>""),NETWORKDAYS(E6,G6),"") -> -32937 | I6: عقد قرانه | J6: ماجد الغامدي | K6: معتمدة
A7: 3 | B7: EMP008 | C7: =IFERROR(VLOOKUP(B7,'👥 بيانات الموظفين'!B:C,2,0),"") -> عبدالرحمن خالد المالكي | D7: مرضية | E7: =DATEVALUE("2026-04-14") -> 46126 | F7: =DATEVALUE("2026-04-15") -> 46127 | G7: =IFERROR(IF(AND(E7<>"",F7<>""),F7-E7+1,""),"") -> 2 | H7: =IF(AND(E7<>"",G7<>""),NETWORKDAYS(E7,G7),"") -> -32947 | I7: نزلة برد + تقرير طبي | J7: سلطان القحطاني | K7: معتمدة
A8: 4 | B8: EMP021 | C8: =IFERROR(VLOOKUP(B8,'👥 بيانات الموظفين'!B:C,2,0),"") -> ريان محمد العسيري | D8: اضطرارية | E8: =DATEVALUE("2026-04-23") -> 46135 | F8: =DATEVALUE("2026-04-23") -> 46135 | G8: =IFERROR(IF(AND(E8<>"",F8<>""),F8-E8+1,""),"") -> 1 | H8: =IF(AND(E8<>"",G8<>""),NETWORKDAYS(E8,G8),"") -> -32954 | I8: ظرف عائلي طارئ | J8: حنان الخميس | K8: معتمدة
A9: 5 | B9: EMP007 | C9: =IFERROR(VLOOKUP(B9,'👥 بيانات الموظفين'!B:C,2,0),"") -> نورة عبدالله الشمري | D9: أمومة | E9: =DATEVALUE("2026-01-10") -> 46032 | F9: =DATEVALUE("2026-03-15") -> 46096 | G9: =IFERROR(IF(AND(E9<>"",F9<>""),F9-E9+1,""),"") -> 65 | H9: =IF(AND(E9<>"",G9<>""),NETWORKDAYS(E9,G9),"") -> -32835 | I9: ولادة | J9: حنان الخميس | K9: معتمدة
A10: 6 | B10: EMP013 | C10: =IFERROR(VLOOKUP(B10,'👥 بيانات الموظفين'!B:C,2,0),"") -> سارة أحمد الحربي | D10: حج | E10: =DATEVALUE("2026-07-05") -> 46208 | F10: =DATEVALUE("2026-07-15") -> 46218 | G10: =IFERROR(IF(AND(E10<>"",F10<>""),F10-E10+1,""),"") -> 11 | H10: =IF(AND(E10<>"",G10<>""),NETWORKDAYS(E10,G10),"") -> -32998 | I10: فريضة الحج | J10: ماجد الغامدي | K10: قيد المراجعة
A11: 7 | B11: EMP022 | C11: =IFERROR(VLOOKUP(B11,'👥 بيانات الموظفين'!B:C,2,0),"") -> عبدالله صالح الراشد | D11: سنوية | E11: =DATEVALUE("2026-05-10") -> 46152 | F11: =DATEVALUE("2026-05-20") -> 46162 | G11: =IFERROR(IF(AND(E11<>"",F11<>""),F11-E11+1,""),"") -> 11 | H11: =IF(AND(E11<>"",G11<>""),NETWORKDAYS(E11,G11),"") -> -32958 | I11: سفر عائلي | J11: خالد الدوسري | K11: قيد المراجعة
A12: 8 | B12: EMP025 | C12: =IFERROR(VLOOKUP(B12,'👥 بيانات الموظفين'!B:C,2,0),"") -> ناصر علي الشمراني | D12: سنوية | E12: =DATEVALUE("2026-06-01") -> 46174 | F12: =DATEVALUE("2026-06-15") -> 46188 | G12: =IFERROR(IF(AND(E12<>"",F12<>""),F12-E12+1,""),"") -> 15 | H12: =IF(AND(E12<>"",G12<>""),NETWORKDAYS(E12,G12),"") -> -32971 | I12: إجازة الصيف | J12: فاطمة الزهراني | K12: قيد المراجعة
A13: 9 | B13: EMP011 | C13: =IFERROR(VLOOKUP(B13,'👥 بيانات الموظفين'!B:C,2,0),"") -> فهد عبدالله الشهري | D13: اضطرارية | E13: =DATEVALUE("2026-04-29") -> 46141 | F13: =DATEVALUE("2026-04-29") -> 46141 | G13: =IFERROR(IF(AND(E13<>"",F13<>""),F13-E13+1,""),"") -> 1 | H13: =IF(AND(E13<>"",G13<>""),NETWORKDAYS(E13,G13),"") -> -32958 | I13: مراجعة طبية | J13: سلطان القحطاني | K13: مرفوضة
A14: 10 | B14: EMP018 | C14: =IFERROR(VLOOKUP(B14,'👥 بيانات الموظفين'!B:C,2,0),"") -> لمى محمد البرقاوي | D14: سنوية | E14: =DATEVALUE("2026-08-01") -> 46235 | F14: =DATEVALUE("2026-08-10") -> 46244 | G14: =IFERROR(IF(AND(E14<>"",F14<>""),F14-E14+1,""),"") -> 10 | H14: =IF(AND(E14<>"",G14<>""),NETWORKDAYS(E14,G14),"") -> -33019 | I14: إجازة سنوية | J14: عبدالملك التميمي | K14: معتمدة
A15: 11 | B15: EMP004 | C15: =IFERROR(VLOOKUP(B15,'👥 بيانات الموظفين'!B:C,2,0),"") -> سلطان فيصل القحطاني | D15: سنوية | E15: =DATEVALUE("2026-06-20") -> 46193 | F15: =DATEVALUE("2026-06-30") -> 46203 | G15: =IFERROR(IF(AND(E15<>"",F15<>""),F15-E15+1,""),"") -> 11 | H15: =IF(AND(E15<>"",G15<>""),NETWORKDAYS(E15,G15),"") -> -32988 | I15: سفر | J15: عبدالعزيز العتيبي | K15: معتمدة
A16: 12 | B16: EMP010 | C16: =IFERROR(VLOOKUP(B16,'👥 بيانات الموظفين'!B:C,2,0),"") -> ريم سعود العنزي | D16: مرضية | E16: =DATEVALUE("2026-04-08") -> 46120 | F16: =DATEVALUE("2026-04-09") -> 46121 | G16: =IFERROR(IF(AND(E16<>"",F16<>""),F16-E16+1,""),"") -> 2 | H16: =IF(AND(E16<>"",G16<>""),NETWORKDAYS(E16,G16),"") -> -32943 | I16: انفلونزا | J16: سلطان القحطاني | K16: معتمدة
A17: 13 | B17: EMP024 | C17: =IFERROR(VLOOKUP(B17,'👥 بيانات الموظفين'!B:C,2,0),"") -> Hassan Ali Khoury | D17: وفاة | E17: =DATEVALUE("2026-03-20") -> 46101 | F17: =DATEVALUE("2026-03-22") -> 46103 | G17: =IFERROR(IF(AND(E17<>"",F17<>""),F17-E17+1,""),"") -> 3 | H17: =IF(AND(E17<>"",G17<>""),NETWORKDAYS(E17,G17),"") -> -32929 | I17: وفاة قريب من الدرجة الثانية | J17: عبدالله الراشد | K17: معتمدة
A18: 14 | B18: EMP003 | C18: =IFERROR(VLOOKUP(B18,'👥 بيانات الموظفين'!B:C,2,0),"") -> خالد عبدالرحمن الدوسري | D18: سنوية | E18: =DATEVALUE("2026-09-01") -> 46266 | F18: =DATEVALUE("2026-09-15") -> 46280 | G18: =IFERROR(IF(AND(E18<>"",F18<>""),F18-E18+1,""),"") -> 15 | H18: =IF(AND(E18<>"",G18<>""),NETWORKDAYS(E18,G18),"") -> -33037 | I18: إجازة سنوية | J18: عبدالعزيز العتيبي | K18: قيد المراجعة
A19: 15 | B19: EMP028 | C19: =IFERROR(VLOOKUP(B19,'👥 بيانات الموظفين'!B:C,2,0),"") -> Sara Mahmoud Ibrahim | D19: سنوية | E19: =DATEVALUE("2026-04-01") -> 46113 | F19: =DATEVALUE("2026-04-03") -> 46115 | G19: =IFERROR(IF(AND(E19<>"",F19<>""),F19-E19+1,""),"") -> 3 | H19: =IF(AND(E19<>"",G19<>""),NETWORKDAYS(E19,G19),"") -> -32937 | I19: مناسبة عائلية | J19: ناصر الشمراني | K19: معتمدة
A20: 16 | B20: EMP020 | C20: =IFERROR(VLOOKUP(B20,'👥 بيانات الموظفين'!B:C,2,0),"") -> حنان عبدالكريم الخميس | D20: سنوية | E20: =DATEVALUE("2026-07-20") -> 46223 | F20: =DATEVALUE("2026-07-31") -> 46234 | G20: =IFERROR(IF(AND(E20<>"",F20<>""),F20-E20+1,""),"") -> 12 | H20: =IF(AND(E20<>"",G20<>""),NETWORKDAYS(E20,G20),"") -> -33008 | I20: إجازة الصيف | J20: فاطمة الزهراني | K20: قيد المراجعة
A21: =IF(B21<>"",17,"") | C21: =IFERROR(VLOOKUP(B21,'👥 بيانات الموظفين'!B:C,2,0),"") | G21: =IFERROR(IF(AND(E21<>"",F21<>""),F21-E21+1,""),"") | H21: =IF(AND(E21<>"",G21<>""),NETWORKDAYS(E21,G21),"") | I21: =IFERROR(VLOOKUP(B21,'👥 بيانات الموظفين'!B:Q,16,0)-SUMIFS(H$5:H21,B$5:B21,B21,F$5:F21,"معتمدة"),"")
A22: =IF(B22<>"",18,"") | C22: =IFERROR(VLOOKUP(B22,'👥 بيانات الموظفين'!B:C,2,0),"") | G22: =IFERROR(IF(AND(E22<>"",F22<>""),F22-E22+1,""),"") | H22: =IF(AND(E22<>"",G22<>""),NETWORKDAYS(E22,G22),"") | I22: =IFERROR(VLOOKUP(B22,'👥 بيانات الموظفين'!B:Q,16,0)-SUMIFS(H$5:H22,B$5:B22,B22,F$5:F22,"معتمدة"),"")
A23: =IF(B23<>"",19,"") | C23: =IFERROR(VLOOKUP(B23,'👥 بيانات الموظفين'!B:C,2,0),"") | G23: =IFERROR(IF(AND(E23<>"",F23<>""),F23-E23+1,""),"") | H23: =IF(AND(E23<>"",G23<>""),NETWORKDAYS(E23,G23),"") | I23: =IFERROR(VLOOKUP(B23,'👥 بيانات الموظفين'!B:Q,16,0)-SUMIFS(H$5:H23,B$5:B23,B23,F$5:F23,"معتمدة"),"")
A24: =IF(B24<>"",20,"") | C24: =IFERROR(VLOOKUP(B24,'👥 بيانات الموظفين'!B:C,2,0),"") | G24: =IFERROR(IF(AND(E24<>"",F24<>""),F24-E24+1,""),"") | H24: =IF(AND(E24<>"",G24<>""),NETWORKDAYS(E24,G24),"") | I24: =IFERROR(VLOOKUP(B24,'👥 بيانات الموظفين'!B:Q,16,0)-SUMIFS(H$5:H24,B$5:B24,B24,F$5:F24,"معتمدة"),"")
A25: =IF(B25<>"",21,"") | C25: =IFERROR(VLOOKUP(B25,'👥 بيانات الموظفين'!B:C,2,0),"") | G25: =IFERROR(IF(AND(E25<>"",F25<>""),F25-E25+1,""),"") | H25: =IF(AND(E25<>"",G25<>""),NETWORKDAYS(E25,G25),"") | I25: =IFERROR(VLOOKUP(B25,'👥 بيانات الموظفين'!B:Q,16,0)-SUMIFS(H$5:H25,B$5:B25,B25,F$5:F25,"معتمدة"),"")
A26: =IF(B26<>"",22,"") | C26: =IFERROR(VLOOKUP(B26,'👥 بيانات الموظفين'!B:C,2,0),"") | G26: =IFERROR(IF(AND(E26<>"",F26<>""),F26-E26+1,""),"") | H26: =IF(AND(E26<>"",G26<>""),NETWORKDAYS(E26,G26),"") | I26: =IFERROR(VLOOKUP(B26,'👥 بيانات الموظفين'!B:Q,16,0)-SUMIFS(H$5:H26,B$5:B26,B26,F$5:F26,"معتمدة"),"")
A27: =IF(B27<>"",23,"") | C27: =IFERROR(VLOOKUP(B27,'👥 بيانات الموظفين'!B:C,2,0),"") | G27: =IFERROR(IF(AND(E27<>"",F27<>""),F27-E27+1,""),"") | H27: =IF(AND(E27<>"",G27<>""),NETWORKDAYS(E27,G27),"") | I27: =IFERROR(VLOOKUP(B27,'👥 بيانات الموظفين'!B:Q,16,0)-SUMIFS(H$5:H27,B$5:B27,B27,F$5:F27,"معتمدة"),"")
A28: =IF(B28<>"",24,"") | C28: =IFERROR(VLOOKUP(B28,'👥 بيانات الموظفين'!B:C,2,0),"") | G28: =IFERROR(IF(AND(E28<>"",F28<>""),F28-E28+1,""),"") | H28: =IF(AND(E28<>"",G28<>""),NETWORKDAYS(E28,G28),"") | I28: =IFERROR(VLOOKUP(B28,'👥 بيانات الموظفين'!B:Q,16,0)-SUMIFS(H$5:H28,B$5:B28,B28,F$5:F28,"معتمدة"),"")
A29: =IF(B29<>"",25,"") | C29: =IFERROR(VLOOKUP(B29,'👥 بيانات الموظفين'!B:C,2,0),"") | G29: =IFERROR(IF(AND(E29<>"",F29<>""),F29-E29+1,""),"") | H29: =IF(AND(E29<>"",G29<>""),NETWORKDAYS(E29,G29),"") | I29: =IFERROR(VLOOKUP(B29,'👥 بيانات الموظفين'!B:Q,16,0)-SUMIFS(H$5:H29,B$5:B29,B29,F$5:F29,"معتمدة"),"")
A30: =IF(B30<>"",26,"") | C30: =IFERROR(VLOOKUP(B30,'👥 بيانات الموظفين'!B:C,2,0),"") | G30: =IFERROR(IF(AND(E30<>"",F30<>""),F30-E30+1,""),"") | H30: =IF(AND(E30<>"",G30<>""),NETWORKDAYS(E30,G30),"") | I30: =IFERROR(VLOOKUP(B30,'👥 بيانات الموظفين'!B:Q,16,0)-SUMIFS(H$5:H30,B$5:B30,B30,F$5:F30,"معتمدة"),"")
A31: =IF(B31<>"",27,"") | C31: =IFERROR(VLOOKUP(B31,'👥 بيانات الموظفين'!B:C,2,0),"") | G31: =IFERROR(IF(AND(E31<>"",F31<>""),F31-E31+1,""),"") | H31: =IF(AND(E31<>"",G31<>""),NETWORKDAYS(E31,G31),"") | I31: =IFERROR(VLOOKUP(B31,'👥 بيانات الموظفين'!B:Q,16,0)-SUMIFS(H$5:H31,B$5:B31,B31,F$5:F31,"معتمدة"),"")
A32: =IF(B32<>"",28,"") | C32: =IFERROR(VLOOKUP(B32,'👥 بيانات الموظفين'!B:C,2,0),"") | G32: =IFERROR(IF(AND(E32<>"",F32<>""),F32-E32+1,""),"") | H32: =IF(AND(E32<>"",G32<>""),NETWORKDAYS(E32,G32),"") | I32: =IFERROR(VLOOKUP(B32,'👥 بيانات الموظفين'!B:Q,16,0)-SUMIFS(H$5:H32,B$5:B32,B32,F$5:F32,"معتمدة"),"")
A33: =IF(B33<>"",29,"") | C33: =IFERROR(VLOOKUP(B33,'👥 بيانات الموظفين'!B:C,2,0),"") | G33: =IFERROR(IF(AND(E33<>"",F33<>""),F33-E33+1,""),"") | H33: =IF(AND(E33<>"",G33<>""),NETWORKDAYS(E33,G33),"") | I33: =IFERROR(VLOOKUP(B33,'👥 بيانات الموظفين'!B:Q,16,0)-SUMIFS(H$5:H33,B$5:B33,B33,F$5:F33,"معتمدة"),"")
A34: =IF(B34<>"",30,"") | C34: =IFERROR(VLOOKUP(B34,'👥 بيانات الموظفين'!B:C,2,0),"") | G34: =IFERROR(IF(AND(E34<>"",F34<>""),F34-E34+1,""),"") | H34: =IF(AND(E34<>"",G34<>""),NETWORKDAYS(E34,G34),"") | I34: =IFERROR(VLOOKUP(B34,'👥 بيانات الموظفين'!B:Q,16,0)-SUMIFS(H$5:H34,B$5:B34,B34,F$5:F34,"معتمدة"),"")
A35: =IF(B35<>"",31,"") | C35: =IFERROR(VLOOKUP(B35,'👥 بيانات الموظفين'!B:C,2,0),"") | G35: =IFERROR(IF(AND(E35<>"",F35<>""),F35-E35+1,""),"") | H35: =IF(AND(E35<>"",G35<>""),NETWORKDAYS(E35,G35),"") | I35: =IFERROR(VLOOKUP(B35,'👥 بيانات الموظفين'!B:Q,16,0)-SUMIFS(H$5:H35,B$5:B35,B35,F$5:F35,"معتمدة"),"")
A36: =IF(B36<>"",32,"") | C36: =IFERROR(VLOOKUP(B36,'👥 بيانات الموظفين'!B:C,2,0),"") | G36: =IFERROR(IF(AND(E36<>"",F36<>""),F36-E36+1,""),"") | H36: =IF(AND(E36<>"",G36<>""),NETWORKDAYS(E36,G36),"") | I36: =IFERROR(VLOOKUP(B36,'👥 بيانات الموظفين'!B:Q,16,0)-SUMIFS(H$5:H36,B$5:B36,B36,F$5:F36,"معتمدة"),"")
A37: =IF(B37<>"",33,"") | C37: =IFERROR(VLOOKUP(B37,'👥 بيانات الموظفين'!B:C,2,0),"") | G37: =IFERROR(IF(AND(E37<>"",F37<>""),F37-E37+1,""),"") | H37: =IF(AND(E37<>"",G37<>""),NETWORKDAYS(E37,G37),"") | I37: =IFERROR(VLOOKUP(B37,'👥 بيانات الموظفين'!B:Q,16,0)-SUMIFS(H$5:H37,B$5:B37,B37,F$5:F37,"معتمدة"),"")
A38: =IF(B38<>"",34,"") | C38: =IFERROR(VLOOKUP(B38,'👥 بيانات الموظفين'!B:C,2,0),"") | G38: =IFERROR(IF(AND(E38<>"",F38<>""),F38-E38+1,""),"") | H38: =IF(AND(E38<>"",G38<>""),NETWORKDAYS(E38,G38),"") | I38: =IFERROR(VLOOKUP(B38,'👥 بيانات الموظفين'!B:Q,16,0)-SUMIFS(H$5:H38,B$5:B38,B38,F$5:F38,"معتمدة"),"")
A39: =IF(B39<>"",35,"") | C39: =IFERROR(VLOOKUP(B39,'👥 بيانات الموظفين'!B:C,2,0),"") | G39: =IFERROR(IF(AND(E39<>"",F39<>""),F39-E39+1,""),"") | H39: =IF(AND(E39<>"",G39<>""),NETWORKDAYS(E39,G39),"") | I39: =IFERROR(VLOOKUP(B39,'👥 بيانات الموظفين'!B:Q,16,0)-SUMIFS(H$5:H39,B$5:B39,B39,F$5:F39,"معتمدة"),"")
A40: =IF(B40<>"",36,"") | C40: =IFERROR(VLOOKUP(B40,'👥 بيانات الموظفين'!B:C,2,0),"") | G40: =IFERROR(IF(AND(E40<>"",F40<>""),F40-E40+1,""),"") | H40: =IF(AND(E40<>"",G40<>""),NETWORKDAYS(E40,G40),"") | I40: =IFERROR(VLOOKUP(B40,'👥 بيانات الموظفين'!B:Q,16,0)-SUMIFS(H$5:H40,B$5:B40,B40,F$5:F40,"معتمدة"),"")
A41: =IF(B41<>"",37,"") | C41: =IFERROR(VLOOKUP(B41,'👥 بيانات الموظفين'!B:C,2,0),"") | G41: =IFERROR(IF(AND(E41<>"",F41<>""),F41-E41+1,""),"") | H41: =IF(AND(E41<>"",G41<>""),NETWORKDAYS(E41,G41),"") | I41: =IFERROR(VLOOKUP(B41,'👥 بيانات الموظفين'!B:Q,16,0)-SUMIFS(H$5:H41,B$5:B41,B41,F$5:F41,"معتمدة"),"")
A42: =IF(B42<>"",38,"") | C42: =IFERROR(VLOOKUP(B42,'👥 بيانات الموظفين'!B:C,2,0),"") | G42: =IFERROR(IF(AND(E42<>"",F42<>""),F42-E42+1,""),"") | H42: =IF(AND(E42<>"",G42<>""),NETWORKDAYS(E42,G42),"") | I42: =IFERROR(VLOOKUP(B42,'👥 بيانات الموظفين'!B:Q,16,0)-SUMIFS(H$5:H42,B$5:B42,B42,F$5:F42,"معتمدة"),"")
A43: =IF(B43<>"",39,"") | C43: =IFERROR(VLOOKUP(B43,'👥 بيانات الموظفين'!B:C,2,0),"") | G43: =IFERROR(IF(AND(E43<>"",F43<>""),F43-E43+1,""),"") | H43: =IF(AND(E43<>"",G43<>""),NETWORKDAYS(E43,G43),"") | I43: =IFERROR(VLOOKUP(B43,'👥 بيانات الموظفين'!B:Q,16,0)-SUMIFS(H$5:H43,B$5:B43,B43,F$5:F43,"معتمدة"),"")
A44: =IF(B44<>"",40,"") | C44: =IFERROR(VLOOKUP(B44,'👥 بيانات الموظفين'!B:C,2,0),"") | G44: =IFERROR(IF(AND(E44<>"",F44<>""),F44-E44+1,""),"") | H44: =IF(AND(E44<>"",G44<>""),NETWORKDAYS(E44,G44),"") | I44: =IFERROR(VLOOKUP(B44,'👥 بيانات الموظفين'!B:Q,16,0)-SUMIFS(H$5:H44,B$5:B44,B44,F$5:F44,"معتمدة"),"")
A45: =IF(B45<>"",41,"") | C45: =IFERROR(VLOOKUP(B45,'👥 بيانات الموظفين'!B:C,2,0),"") | G45: =IFERROR(IF(AND(E45<>"",F45<>""),F45-E45+1,""),"") | H45: =IF(AND(E45<>"",G45<>""),NETWORKDAYS(E45,G45),"") | I45: =IFERROR(VLOOKUP(B45,'👥 بيانات الموظفين'!B:Q,16,0)-SUMIFS(H$5:H45,B$5:B45,B45,F$5:F45,"معتمدة"),"")
A46: =IF(B46<>"",42,"") | C46: =IFERROR(VLOOKUP(B46,'👥 بيانات الموظفين'!B:C,2,0),"") | G46: =IFERROR(IF(AND(E46<>"",F46<>""),F46-E46+1,""),"") | H46: =IF(AND(E46<>"",G46<>""),NETWORKDAYS(E46,G46),"") | I46: =IFERROR(VLOOKUP(B46,'👥 بيانات الموظفين'!B:Q,16,0)-SUMIFS(H$5:H46,B$5:B46,B46,F$5:F46,"معتمدة"),"")
A47: =IF(B47<>"",43,"") | C47: =IFERROR(VLOOKUP(B47,'👥 بيانات الموظفين'!B:C,2,0),"") | G47: =IFERROR(IF(AND(E47<>"",F47<>""),F47-E47+1,""),"") | H47: =IF(AND(E47<>"",G47<>""),NETWORKDAYS(E47,G47),"") | I47: =IFERROR(VLOOKUP(B47,'👥 بيانات الموظفين'!B:Q,16,0)-SUMIFS(H$5:H47,B$5:B47,B47,F$5:F47,"معتمدة"),"")
A48: =IF(B48<>"",44,"") | C48: =IFERROR(VLOOKUP(B48,'👥 بيانات الموظفين'!B:C,2,0),"") | G48: =IFERROR(IF(AND(E48<>"",F48<>""),F48-E48+1,""),"") | H48: =IF(AND(E48<>"",G48<>""),NETWORKDAYS(E48,G48),"") | I48: =IFERROR(VLOOKUP(B48,'👥 بيانات الموظفين'!B:Q,16,0)-SUMIFS(H$5:H48,B$5:B48,B48,F$5:F48,"معتمدة"),"")
A49: =IF(B49<>"",45,"") | C49: =IFERROR(VLOOKUP(B49,'👥 بيانات الموظفين'!B:C,2,0),"") | G49: =IFERROR(IF(AND(E49<>"",F49<>""),F49-E49+1,""),"") | H49: =IF(AND(E49<>"",G49<>""),NETWORKDAYS(E49,G49),"") | I49: =IFERROR(VLOOKUP(B49,'👥 بيانات الموظفين'!B:Q,16,0)-SUMIFS(H$5:H49,B$5:B49,B49,F$5:F49,"معتمدة"),"")
A50: =IF(B50<>"",46,"") | C50: =IFERROR(VLOOKUP(B50,'👥 بيانات الموظفين'!B:C,2,0),"") | G50: =IFERROR(IF(AND(E50<>"",F50<>""),F50-E50+1,""),"") | H50: =IF(AND(E50<>"",G50<>""),NETWORKDAYS(E50,G50),"") | I50: =IFERROR(VLOOKUP(B50,'👥 بيانات الموظفين'!B:Q,16,0)-SUMIFS(H$5:H50,B$5:B50,B50,F$5:F50,"معتمدة"),"")
A51: =IF(B51<>"",47,"") | C51: =IFERROR(VLOOKUP(B51,'👥 بيانات الموظفين'!B:C,2,0),"") | G51: =IFERROR(IF(AND(E51<>"",F51<>""),F51-E51+1,""),"") | H51: =IF(AND(E51<>"",G51<>""),NETWORKDAYS(E51,G51),"") | I51: =IFERROR(VLOOKUP(B51,'👥 بيانات الموظفين'!B:Q,16,0)-SUMIFS(H$5:H51,B$5:B51,B51,F$5:F51,"معتمدة"),"")
A52: =IF(B52<>"",48,"") | C52: =IFERROR(VLOOKUP(B52,'👥 بيانات الموظفين'!B:C,2,0),"") | G52: =IFERROR(IF(AND(E52<>"",F52<>""),F52-E52+1,""),"") | H52: =IF(AND(E52<>"",G52<>""),NETWORKDAYS(E52,G52),"") | I52: =IFERROR(VLOOKUP(B52,'👥 بيانات الموظفين'!B:Q,16,0)-SUMIFS(H$5:H52,B$5:B52,B52,F$5:F52,"معتمدة"),"")
A53: =IF(B53<>"",49,"") | C53: =IFERROR(VLOOKUP(B53,'👥 بيانات الموظفين'!B:C,2,0),"") | G53: =IFERROR(IF(AND(E53<>"",F53<>""),F53-E53+1,""),"") | H53: =IF(AND(E53<>"",G53<>""),NETWORKDAYS(E53,G53),"") | I53: =IFERROR(VLOOKUP(B53,'👥 بيانات الموظفين'!B:Q,16,0)-SUMIFS(H$5:H53,B$5:B53,B53,F$5:F53,"معتمدة"),"")
A54: =IF(B54<>"",50,"") | C54: =IFERROR(VLOOKUP(B54,'👥 بيانات الموظفين'!B:C,2,0),"") | G54: =IFERROR(IF(AND(E54<>"",F54<>""),F54-E54+1,""),"") | H54: =IF(AND(E54<>"",G54<>""),NETWORKDAYS(E54,G54),"") | I54: =IFERROR(VLOOKUP(B54,'👥 بيانات الموظفين'!B:Q,16,0)-SUMIFS(H$5:H54,B$5:B54,B54,F$5:F54,"معتمدة"),"")
A55: =IF(B55<>"",51,"") | C55: =IFERROR(VLOOKUP(B55,'👥 بيانات الموظفين'!B:C,2,0),"") | G55: =IFERROR(IF(AND(E55<>"",F55<>""),F55-E55+1,""),"") | H55: =IF(AND(E55<>"",G55<>""),NETWORKDAYS(E55,G55),"") | I55: =IFERROR(VLOOKUP(B55,'👥 بيانات الموظفين'!B:Q,16,0)-SUMIFS(H$5:H55,B$5:B55,B55,F$5:F55,"معتمدة"),"")
A56: =IF(B56<>"",52,"") | C56: =IFERROR(VLOOKUP(B56,'👥 بيانات الموظفين'!B:C,2,0),"") | G56: =IFERROR(IF(AND(E56<>"",F56<>""),F56-E56+1,""),"") | H56: =IF(AND(E56<>"",G56<>""),NETWORKDAYS(E56,G56),"") | I56: =IFERROR(VLOOKUP(B56,'👥 بيانات الموظفين'!B:Q,16,0)-SUMIFS(H$5:H56,B$5:B56,B56,F$5:F56,"معتمدة"),"")
A57: =IF(B57<>"",53,"") | C57: =IFERROR(VLOOKUP(B57,'👥 بيانات الموظفين'!B:C,2,0),"") | G57: =IFERROR(IF(AND(E57<>"",F57<>""),F57-E57+1,""),"") | H57: =IF(AND(E57<>"",G57<>""),NETWORKDAYS(E57,G57),"") | I57: =IFERROR(VLOOKUP(B57,'👥 بيانات الموظفين'!B:Q,16,0)-SUMIFS(H$5:H57,B$5:B57,B57,F$5:F57,"معتمدة"),"")
A58: =IF(B58<>"",54,"") | C58: =IFERROR(VLOOKUP(B58,'👥 بيانات الموظفين'!B:C,2,0),"") | G58: =IFERROR(IF(AND(E58<>"",F58<>""),F58-E58+1,""),"") | H58: =IF(AND(E58<>"",G58<>""),NETWORKDAYS(E58,G58),"") | I58: =IFERROR(VLOOKUP(B58,'👥 بيانات الموظفين'!B:Q,16,0)-SUMIFS(H$5:H58,B$5:B58,B58,F$5:F58,"معتمدة"),"")
A59: =IF(B59<>"",55,"") | C59: =IFERROR(VLOOKUP(B59,'👥 بيانات الموظفين'!B:C,2,0),"") | G59: =IFERROR(IF(AND(E59<>"",F59<>""),F59-E59+1,""),"") | H59: =IF(AND(E59<>"",G59<>""),NETWORKDAYS(E59,G59),"") | I59: =IFERROR(VLOOKUP(B59,'👥 بيانات الموظفين'!B:Q,16,0)-SUMIFS(H$5:H59,B$5:B59,B59,F$5:F59,"معتمدة"),"")
A60: =IF(B60<>"",56,"") | C60: =IFERROR(VLOOKUP(B60,'👥 بيانات الموظفين'!B:C,2,0),"") | G60: =IFERROR(IF(AND(E60<>"",F60<>""),F60-E60+1,""),"") | H60: =IF(AND(E60<>"",G60<>""),NETWORKDAYS(E60,G60),"") | I60: =IFERROR(VLOOKUP(B60,'👥 بيانات الموظفين'!B:Q,16,0)-SUMIFS(H$5:H60,B$5:B60,B60,F$5:F60,"معتمدة"),"")
A61: =IF(B61<>"",57,"") | C61: =IFERROR(VLOOKUP(B61,'👥 بيانات الموظفين'!B:C,2,0),"") | G61: =IFERROR(IF(AND(E61<>"",F61<>""),F61-E61+1,""),"") | H61: =IF(AND(E61<>"",G61<>""),NETWORKDAYS(E61,G61),"") | I61: =IFERROR(VLOOKUP(B61,'👥 بيانات الموظفين'!B:Q,16,0)-SUMIFS(H$5:H61,B$5:B61,B61,F$5:F61,"معتمدة"),"")
A62: =IF(B62<>"",58,"") | C62: =IFERROR(VLOOKUP(B62,'👥 بيانات الموظفين'!B:C,2,0),"") | G62: =IFERROR(IF(AND(E62<>"",F62<>""),F62-E62+1,""),"") | H62: =IF(AND(E62<>"",G62<>""),NETWORKDAYS(E62,G62),"") | I62: =IFERROR(VLOOKUP(B62,'👥 بيانات الموظفين'!B:Q,16,0)-SUMIFS(H$5:H62,B$5:B62,B62,F$5:F62,"معتمدة"),"")
A63: =IF(B63<>"",59,"") | C63: =IFERROR(VLOOKUP(B63,'👥 بيانات الموظفين'!B:C,2,0),"") | G63: =IFERROR(IF(AND(E63<>"",F63<>""),F63-E63+1,""),"") | H63: =IF(AND(E63<>"",G63<>""),NETWORKDAYS(E63,G63),"") | I63: =IFERROR(VLOOKUP(B63,'👥 بيانات الموظفين'!B:Q,16,0)-SUMIFS(H$5:H63,B$5:B63,B63,F$5:F63,"معتمدة"),"")
A64: =IF(B64<>"",60,"") | C64: =IFERROR(VLOOKUP(B64,'👥 بيانات الموظفين'!B:C,2,0),"") | G64: =IFERROR(IF(AND(E64<>"",F64<>""),F64-E64+1,""),"") | H64: =IF(AND(E64<>"",G64<>""),NETWORKDAYS(E64,G64),"") | I64: =IFERROR(VLOOKUP(B64,'👥 بيانات الموظفين'!B:Q,16,0)-SUMIFS(H$5:H64,B$5:B64,B64,F$5:F64,"معتمدة"),"")
A65: =IF(B65<>"",61,"") | C65: =IFERROR(VLOOKUP(B65,'👥 بيانات الموظفين'!B:C,2,0),"") | G65: =IFERROR(IF(AND(E65<>"",F65<>""),F65-E65+1,""),"") | H65: =IF(AND(E65<>"",G65<>""),NETWORKDAYS(E65,G65),"") | I65: =IFERROR(VLOOKUP(B65,'👥 بيانات الموظفين'!B:Q,16,0)-SUMIFS(H$5:H65,B$5:B65,B65,F$5:F65,"معتمدة"),"")
A66: =IF(B66<>"",62,"") | C66: =IFERROR(VLOOKUP(B66,'👥 بيانات الموظفين'!B:C,2,0),"") | G66: =IFERROR(IF(AND(E66<>"",F66<>""),F66-E66+1,""),"") | H66: =IF(AND(E66<>"",G66<>""),NETWORKDAYS(E66,G66),"") | I66: =IFERROR(VLOOKUP(B66,'👥 بيانات الموظفين'!B:Q,16,0)-SUMIFS(H$5:H66,B$5:B66,B66,F$5:F66,"معتمدة"),"")
A67: =IF(B67<>"",63,"") | C67: =IFERROR(VLOOKUP(B67,'👥 بيانات الموظفين'!B:C,2,0),"") | G67: =IFERROR(IF(AND(E67<>"",F67<>""),F67-E67+1,""),"") | H67: =IF(AND(E67<>"",G67<>""),NETWORKDAYS(E67,G67),"") | I67: =IFERROR(VLOOKUP(B67,'👥 بيانات الموظفين'!B:Q,16,0)-SUMIFS(H$5:H67,B$5:B67,B67,F$5:F67,"معتمدة"),"")
A68: =IF(B68<>"",64,"") | C68: =IFERROR(VLOOKUP(B68,'👥 بيانات الموظفين'!B:C,2,0),"") | G68: =IFERROR(IF(AND(E68<>"",F68<>""),F68-E68+1,""),"") | H68: =IF(AND(E68<>"",G68<>""),NETWORKDAYS(E68,G68),"") | I68: =IFERROR(VLOOKUP(B68,'👥 بيانات الموظفين'!B:Q,16,0)-SUMIFS(H$5:H68,B$5:B68,B68,F$5:F68,"معتمدة"),"")
A69: =IF(B69<>"",65,"") | C69: =IFERROR(VLOOKUP(B69,'👥 بيانات الموظفين'!B:C,2,0),"") | G69: =IFERROR(IF(AND(E69<>"",F69<>""),F69-E69+1,""),"") | H69: =IF(AND(E69<>"",G69<>""),NETWORKDAYS(E69,G69),"") | I69: =IFERROR(VLOOKUP(B69,'👥 بيانات الموظفين'!B:Q,16,0)-SUMIFS(H$5:H69,B$5:B69,B69,F$5:F69,"معتمدة"),"")
A70: =IF(B70<>"",66,"") | C70: =IFERROR(VLOOKUP(B70,'👥 بيانات الموظفين'!B:C,2,0),"") | G70: =IFERROR(IF(AND(E70<>"",F70<>""),F70-E70+1,""),"") | H70: =IF(AND(E70<>"",G70<>""),NETWORKDAYS(E70,G70),"") | I70: =IFERROR(VLOOKUP(B70,'👥 بيانات الموظفين'!B:Q,16,0)-SUMIFS(H$5:H70,B$5:B70,B70,F$5:F70,"معتمدة"),"")
A71: =IF(B71<>"",67,"") | C71: =IFERROR(VLOOKUP(B71,'👥 بيانات الموظفين'!B:C,2,0),"") | G71: =IFERROR(IF(AND(E71<>"",F71<>""),F71-E71+1,""),"") | H71: =IF(AND(E71<>"",G71<>""),NETWORKDAYS(E71,G71),"") | I71: =IFERROR(VLOOKUP(B71,'👥 بيانات الموظفين'!B:Q,16,0)-SUMIFS(H$5:H71,B$5:B71,B71,F$5:F71,"معتمدة"),"")
A72: =IF(B72<>"",68,"") | C72: =IFERROR(VLOOKUP(B72,'👥 بيانات الموظفين'!B:C,2,0),"") | G72: =IFERROR(IF(AND(E72<>"",F72<>""),F72-E72+1,""),"") | H72: =IF(AND(E72<>"",G72<>""),NETWORKDAYS(E72,G72),"") | I72: =IFERROR(VLOOKUP(B72,'👥 بيانات الموظفين'!B:Q,16,0)-SUMIFS(H$5:H72,B$5:B72,B72,F$5:F72,"معتمدة"),"")
A73: =IF(B73<>"",69,"") | C73: =IFERROR(VLOOKUP(B73,'👥 بيانات الموظفين'!B:C,2,0),"") | G73: =IFERROR(IF(AND(E73<>"",F73<>""),F73-E73+1,""),"") | H73: =IF(AND(E73<>"",G73<>""),NETWORKDAYS(E73,G73),"") | I73: =IFERROR(VLOOKUP(B73,'👥 بيانات الموظفين'!B:Q,16,0)-SUMIFS(H$5:H73,B$5:B73,B73,F$5:F73,"معتمدة"),"")
A74: =IF(B74<>"",70,"") | C74: =IFERROR(VLOOKUP(B74,'👥 بيانات الموظفين'!B:C,2,0),"") | G74: =IFERROR(IF(AND(E74<>"",F74<>""),F74-E74+1,""),"") | H74: =IF(AND(E74<>"",G74<>""),NETWORKDAYS(E74,G74),"") | I74: =IFERROR(VLOOKUP(B74,'👥 بيانات الموظفين'!B:Q,16,0)-SUMIFS(H$5:H74,B$5:B74,B74,F$5:F74,"معتمدة"),"")
A75: =IF(B75<>"",71,"") | C75: =IFERROR(VLOOKUP(B75,'👥 بيانات الموظفين'!B:C,2,0),"") | G75: =IFERROR(IF(AND(E75<>"",F75<>""),F75-E75+1,""),"") | H75: =IF(AND(E75<>"",G75<>""),NETWORKDAYS(E75,G75),"") | I75: =IFERROR(VLOOKUP(B75,'👥 بيانات الموظفين'!B:Q,16,0)-SUMIFS(H$5:H75,B$5:B75,B75,F$5:F75,"معتمدة"),"")
A76: =IF(B76<>"",72,"") | C76: =IFERROR(VLOOKUP(B76,'👥 بيانات الموظفين'!B:C,2,0),"") | G76: =IFERROR(IF(AND(E76<>"",F76<>""),F76-E76+1,""),"") | H76: =IF(AND(E76<>"",G76<>""),NETWORKDAYS(E76,G76),"") | I76: =IFERROR(VLOOKUP(B76,'👥 بيانات الموظفين'!B:Q,16,0)-SUMIFS(H$5:H76,B$5:B76,B76,F$5:F76,"معتمدة"),"")
A77: =IF(B77<>"",73,"") | C77: =IFERROR(VLOOKUP(B77,'👥 بيانات الموظفين'!B:C,2,0),"") | G77: =IFERROR(IF(AND(E77<>"",F77<>""),F77-E77+1,""),"") | H77: =IF(AND(E77<>"",G77<>""),NETWORKDAYS(E77,G77),"") | I77: =IFERROR(VLOOKUP(B77,'👥 بيانات الموظفين'!B:Q,16,0)-SUMIFS(H$5:H77,B$5:B77,B77,F$5:F77,"معتمدة"),"")
A78: =IF(B78<>"",74,"") | C78: =IFERROR(VLOOKUP(B78,'👥 بيانات الموظفين'!B:C,2,0),"") | G78: =IFERROR(IF(AND(E78<>"",F78<>""),F78-E78+1,""),"") | H78: =IF(AND(E78<>"",G78<>""),NETWORKDAYS(E78,G78),"") | I78: =IFERROR(VLOOKUP(B78,'👥 بيانات الموظفين'!B:Q,16,0)-SUMIFS(H$5:H78,B$5:B78,B78,F$5:F78,"معتمدة"),"")
A79: =IF(B79<>"",75,"") | C79: =IFERROR(VLOOKUP(B79,'👥 بيانات الموظفين'!B:C,2,0),"") | G79: =IFERROR(IF(AND(E79<>"",F79<>""),F79-E79+1,""),"") | H79: =IF(AND(E79<>"",G79<>""),NETWORKDAYS(E79,G79),"") | I79: =IFERROR(VLOOKUP(B79,'👥 بيانات الموظفين'!B:Q,16,0)-SUMIFS(H$5:H79,B$5:B79,B79,F$5:F79,"معتمدة"),"")
A80: =IF(B80<>"",76,"") | C80: =IFERROR(VLOOKUP(B80,'👥 بيانات الموظفين'!B:C,2,0),"") | G80: =IFERROR(IF(AND(E80<>"",F80<>""),F80-E80+1,""),"") | H80: =IF(AND(E80<>"",G80<>""),NETWORKDAYS(E80,G80),"") | I80: =IFERROR(VLOOKUP(B80,'👥 بيانات الموظفين'!B:Q,16,0)-SUMIFS(H$5:H80,B$5:B80,B80,F$5:F80,"معتمدة"),"")
A81: =IF(B81<>"",77,"") | C81: =IFERROR(VLOOKUP(B81,'👥 بيانات الموظفين'!B:C,2,0),"") | G81: =IFERROR(IF(AND(E81<>"",F81<>""),F81-E81+1,""),"") | H81: =IF(AND(E81<>"",G81<>""),NETWORKDAYS(E81,G81),"") | I81: =IFERROR(VLOOKUP(B81,'👥 بيانات الموظفين'!B:Q,16,0)-SUMIFS(H$5:H81,B$5:B81,B81,F$5:F81,"معتمدة"),"")
A82: =IF(B82<>"",78,"") | C82: =IFERROR(VLOOKUP(B82,'👥 بيانات الموظفين'!B:C,2,0),"") | G82: =IFERROR(IF(AND(E82<>"",F82<>""),F82-E82+1,""),"") | H82: =IF(AND(E82<>"",G82<>""),NETWORKDAYS(E82,G82),"") | I82: =IFERROR(VLOOKUP(B82,'👥 بيانات الموظفين'!B:Q,16,0)-SUMIFS(H$5:H82,B$5:B82,B82,F$5:F82,"معتمدة"),"")
A83: =IF(B83<>"",79,"") | C83: =IFERROR(VLOOKUP(B83,'👥 بيانات الموظفين'!B:C,2,0),"") | G83: =IFERROR(IF(AND(E83<>"",F83<>""),F83-E83+1,""),"") | H83: =IF(AND(E83<>"",G83<>""),NETWORKDAYS(E83,G83),"") | I83: =IFERROR(VLOOKUP(B83,'👥 بيانات الموظفين'!B:Q,16,0)-SUMIFS(H$5:H83,B$5:B83,B83,F$5:F83,"معتمدة"),"")
A84: =IF(B84<>"",80,"") | C84: =IFERROR(VLOOKUP(B84,'👥 بيانات الموظفين'!B:C,2,0),"") | G84: =IFERROR(IF(AND(E84<>"",F84<>""),F84-E84+1,""),"") | H84: =IF(AND(E84<>"",G84<>""),NETWORKDAYS(E84,G84),"") | I84: =IFERROR(VLOOKUP(B84,'👥 بيانات الموظفين'!B:Q,16,0)-SUMIFS(H$5:H84,B$5:B84,B84,F$5:F84,"معتمدة"),"")
A85: =IF(B85<>"",81,"") | C85: =IFERROR(VLOOKUP(B85,'👥 بيانات الموظفين'!B:C,2,0),"") | G85: =IFERROR(IF(AND(E85<>"",F85<>""),F85-E85+1,""),"") | H85: =IF(AND(E85<>"",G85<>""),NETWORKDAYS(E85,G85),"") | I85: =IFERROR(VLOOKUP(B85,'👥 بيانات الموظفين'!B:Q,16,0)-SUMIFS(H$5:H85,B$5:B85,B85,F$5:F85,"معتمدة"),"")
A86: =IF(B86<>"",82,"") | C86: =IFERROR(VLOOKUP(B86,'👥 بيانات الموظفين'!B:C,2,0),"") | G86: =IFERROR(IF(AND(E86<>"",F86<>""),F86-E86+1,""),"") | H86: =IF(AND(E86<>"",G86<>""),NETWORKDAYS(E86,G86),"") | I86: =IFERROR(VLOOKUP(B86,'👥 بيانات الموظفين'!B:Q,16,0)-SUMIFS(H$5:H86,B$5:B86,B86,F$5:F86,"معتمدة"),"")
A87: =IF(B87<>"",83,"") | C87: =IFERROR(VLOOKUP(B87,'👥 بيانات الموظفين'!B:C,2,0),"") | G87: =IFERROR(IF(AND(E87<>"",F87<>""),F87-E87+1,""),"") | H87: =IF(AND(E87<>"",G87<>""),NETWORKDAYS(E87,G87),"") | I87: =IFERROR(VLOOKUP(B87,'👥 بيانات الموظفين'!B:Q,16,0)-SUMIFS(H$5:H87,B$5:B87,B87,F$5:F87,"معتمدة"),"")
A88: =IF(B88<>"",84,"") | C88: =IFERROR(VLOOKUP(B88,'👥 بيانات الموظفين'!B:C,2,0),"") | G88: =IFERROR(IF(AND(E88<>"",F88<>""),F88-E88+1,""),"") | H88: =IF(AND(E88<>"",G88<>""),NETWORKDAYS(E88,G88),"") | I88: =IFERROR(VLOOKUP(B88,'👥 بيانات الموظفين'!B:Q,16,0)-SUMIFS(H$5:H88,B$5:B88,B88,F$5:F88,"معتمدة"),"")
A89: =IF(B89<>"",85,"") | C89: =IFERROR(VLOOKUP(B89,'👥 بيانات الموظفين'!B:C,2,0),"") | G89: =IFERROR(IF(AND(E89<>"",F89<>""),F89-E89+1,""),"") | H89: =IF(AND(E89<>"",G89<>""),NETWORKDAYS(E89,G89),"") | I89: =IFERROR(VLOOKUP(B89,'👥 بيانات الموظفين'!B:Q,16,0)-SUMIFS(H$5:H89,B$5:B89,B89,F$5:F89,"معتمدة"),"")
A90: =IF(B90<>"",86,"") | C90: =IFERROR(VLOOKUP(B90,'👥 بيانات الموظفين'!B:C,2,0),"") | G90: =IFERROR(IF(AND(E90<>"",F90<>""),F90-E90+1,""),"") | H90: =IF(AND(E90<>"",G90<>""),NETWORKDAYS(E90,G90),"") | I90: =IFERROR(VLOOKUP(B90,'👥 بيانات الموظفين'!B:Q,16,0)-SUMIFS(H$5:H90,B$5:B90,B90,F$5:F90,"معتمدة"),"")
A91: =IF(B91<>"",87,"") | C91: =IFERROR(VLOOKUP(B91,'👥 بيانات الموظفين'!B:C,2,0),"") | G91: =IFERROR(IF(AND(E91<>"",F91<>""),F91-E91+1,""),"") | H91: =IF(AND(E91<>"",G91<>""),NETWORKDAYS(E91,G91),"") | I91: =IFERROR(VLOOKUP(B91,'👥 بيانات الموظفين'!B:Q,16,0)-SUMIFS(H$5:H91,B$5:B91,B91,F$5:F91,"معتمدة"),"")
A92: =IF(B92<>"",88,"") | C92: =IFERROR(VLOOKUP(B92,'👥 بيانات الموظفين'!B:C,2,0),"") | G92: =IFERROR(IF(AND(E92<>"",F92<>""),F92-E92+1,""),"") | H92: =IF(AND(E92<>"",G92<>""),NETWORKDAYS(E92,G92),"") | I92: =IFERROR(VLOOKUP(B92,'👥 بيانات الموظفين'!B:Q,16,0)-SUMIFS(H$5:H92,B$5:B92,B92,F$5:F92,"معتمدة"),"")
A93: =IF(B93<>"",89,"") | C93: =IFERROR(VLOOKUP(B93,'👥 بيانات الموظفين'!B:C,2,0),"") | G93: =IFERROR(IF(AND(E93<>"",F93<>""),F93-E93+1,""),"") | H93: =IF(AND(E93<>"",G93<>""),NETWORKDAYS(E93,G93),"") | I93: =IFERROR(VLOOKUP(B93,'👥 بيانات الموظفين'!B:Q,16,0)-SUMIFS(H$5:H93,B$5:B93,B93,F$5:F93,"معتمدة"),"")
A94: =IF(B94<>"",90,"") | C94: =IFERROR(VLOOKUP(B94,'👥 بيانات الموظفين'!B:C,2,0),"") | G94: =IFERROR(IF(AND(E94<>"",F94<>""),F94-E94+1,""),"") | H94: =IF(AND(E94<>"",G94<>""),NETWORKDAYS(E94,G94),"") | I94: =IFERROR(VLOOKUP(B94,'👥 بيانات الموظفين'!B:Q,16,0)-SUMIFS(H$5:H94,B$5:B94,B94,F$5:F94,"معتمدة"),"")
A95: =IF(B95<>"",91,"") | C95: =IFERROR(VLOOKUP(B95,'👥 بيانات الموظفين'!B:C,2,0),"") | G95: =IFERROR(IF(AND(E95<>"",F95<>""),F95-E95+1,""),"") | H95: =IF(AND(E95<>"",G95<>""),NETWORKDAYS(E95,G95),"") | I95: =IFERROR(VLOOKUP(B95,'👥 بيانات الموظفين'!B:Q,16,0)-SUMIFS(H$5:H95,B$5:B95,B95,F$5:F95,"معتمدة"),"")
A96: =IF(B96<>"",92,"") | C96: =IFERROR(VLOOKUP(B96,'👥 بيانات الموظفين'!B:C,2,0),"") | G96: =IFERROR(IF(AND(E96<>"",F96<>""),F96-E96+1,""),"") | H96: =IF(AND(E96<>"",G96<>""),NETWORKDAYS(E96,G96),"") | I96: =IFERROR(VLOOKUP(B96,'👥 بيانات الموظفين'!B:Q,16,0)-SUMIFS(H$5:H96,B$5:B96,B96,F$5:F96,"معتمدة"),"")
A97: =IF(B97<>"",93,"") | C97: =IFERROR(VLOOKUP(B97,'👥 بيانات الموظفين'!B:C,2,0),"") | G97: =IFERROR(IF(AND(E97<>"",F97<>""),F97-E97+1,""),"") | H97: =IF(AND(E97<>"",G97<>""),NETWORKDAYS(E97,G97),"") | I97: =IFERROR(VLOOKUP(B97,'👥 بيانات الموظفين'!B:Q,16,0)-SUMIFS(H$5:H97,B$5:B97,B97,F$5:F97,"معتمدة"),"")
A98: =IF(B98<>"",94,"") | C98: =IFERROR(VLOOKUP(B98,'👥 بيانات الموظفين'!B:C,2,0),"") | G98: =IFERROR(IF(AND(E98<>"",F98<>""),F98-E98+1,""),"") | H98: =IF(AND(E98<>"",G98<>""),NETWORKDAYS(E98,G98),"") | I98: =IFERROR(VLOOKUP(B98,'👥 بيانات الموظفين'!B:Q,16,0)-SUMIFS(H$5:H98,B$5:B98,B98,F$5:F98,"معتمدة"),"")
A99: =IF(B99<>"",95,"") | C99: =IFERROR(VLOOKUP(B99,'👥 بيانات الموظفين'!B:C,2,0),"") | G99: =IFERROR(IF(AND(E99<>"",F99<>""),F99-E99+1,""),"") | H99: =IF(AND(E99<>"",G99<>""),NETWORKDAYS(E99,G99),"") | I99: =IFERROR(VLOOKUP(B99,'👥 بيانات الموظفين'!B:Q,16,0)-SUMIFS(H$5:H99,B$5:B99,B99,F$5:F99,"معتمدة"),"")
A100: =IF(B100<>"",96,"") | C100: =IFERROR(VLOOKUP(B100,'👥 بيانات الموظفين'!B:C,2,0),"") | G100: =IFERROR(IF(AND(E100<>"",F100<>""),F100-E100+1,""),"") | H100: =IF(AND(E100<>"",G100<>""),NETWORKDAYS(E100,G100),"") | I100: =IFERROR(VLOOKUP(B100,'👥 بيانات الموظفين'!B:Q,16,0)-SUMIFS(H$5:H100,B$5:B100,B100,F$5:F100,"معتمدة"),"")
A101: =IF(B101<>"",97,"") | C101: =IFERROR(VLOOKUP(B101,'👥 بيانات الموظفين'!B:C,2,0),"") | G101: =IFERROR(IF(AND(E101<>"",F101<>""),F101-E101+1,""),"") | H101: =IF(AND(E101<>"",G101<>""),NETWORKDAYS(E101,G101),"") | I101: =IFERROR(VLOOKUP(B101,'👥 بيانات الموظفين'!B:Q,16,0)-SUMIFS(H$5:H101,B$5:B101,B101,F$5:F101,"معتمدة"),"")
...

Sheet ➕ الخصومات والمكافآت
A1: ➕ الخصومات والمكافآت
A2: Deductions & Bonuses — مرتبطة تلقائياً بكشف الرواتب
A4: م | B4: رقم الموظف | C4: اسم الموظف | D4: النوع | E4: الفئة | F4: المبلغ | G4: التاريخ | H4: الشهر المطبق | I4: السبب | J4: اعتمد من | K4: ملاحظات
A5: 1 | B5: EMP013 | C5: مكافأة | D5: أداء | E5: 2500 | F5: 2026-04 | G5: موظفة الربع - تجاوز الهدف 130%
A6: 2 | B6: EMP012 | C6: مكافأة | D6: عمولة مبيعات | E6: 8500 | F6: 2026-04 | G6: عمولة الربع الأول - مبيعات استثنائية
A7: 3 | B7: EMP004 | C7: مكافأة | D7: مشروع | E7: 5000 | F7: 2026-04 | G7: إطلاق منصة العملاء قبل الموعد
A8: 4 | B8: EMP025 | C8: مكافأة | D8: رضا العملاء | E8: 1500 | F8: 2026-04 | G8: نسبة رضا 4.8/5
A9: 5 | B9: EMP022 | C9: مكافأة | D9: إغلاق سنوي | E9: 2000 | F9: 2026-04 | G9: إغلاق الحسابات في موعدها
A10: 6 | B10: EMP020 | C10: مكافأة | D10: مشروع | E10: 2500 | F10: 2026-04 | G10: نظام HR الجديد - تقدير الإدارة
A11: 7 | B11: EMP002 | C11: مكافأة | D11: قيادة | E11: 10000 | F11: 2026-04 | G11: مكافأة قيادية ربع سنوية
A12: 8 | B12: EMP005 | C12: مكافأة | D12: ابتكار | E12: 1500 | F12: 2026-04 | G12: تحسين أداء النظام بنسبة 40%
A13: 9 | B13: EMP006 | C13: مكافأة | D13: DevOps | E13: 2000 | F13: 2026-04 | G13: تقليل وقت النشر من ٤ ساعات إلى ١٥ دقيقة
A14: 10 | B14: EMP018 | C14: مكافأة | D14: حملة تسويقية | E14: 1200 | F14: 2026-04 | G14: حملة Ramadan تجاوزت الـ ROI
A15: 11 | B15: EMP005 | C15: خصم | D15: جزاء تأخير | E15: 600 | F15: 2026-04 | G15: تأخير متكرر - إنذار ثاني
A16: 12 | B16: EMP014 | C16: خصم | D16: جزاء غياب | E16: 1200 | F16: 2026-04 | G16: ٣ أيام غياب بدون إذن - مخالفة المادة ٧٢
... A31: 27 | B31: EMP014 | C31: خصم | D31: جزاء غياب | E31: 400 | F31: 2026-03 | G31: يوم غياب واحد
A32: =IF(B32<>"",28,"") | C32: =IFERROR(VLOOKUP(B32,'👥 بيانات الموظفين'!B:C,2,0),"")
A33: =IF(B33<>"",29,"") | C33: =IFERROR(VLOOKUP(B33,'👥 بيانات الموظفين'!B:C,2,0),"")
A34: =IF(B34<>"",30,"") | C34: =IFERROR(VLOOKUP(B34,'👥 بيانات الموظفين'!B:C,2,0),"")
A35: =IF(B35<>"",31,"") | C35: =IFERROR(VLOOKUP(B35,'👥 بيانات الموظفين'!B:C,2,0),"")
A36: =IF(B36<>"",32,"") | C36: =IFERROR(VLOOKUP(B36,'👥 بيانات الموظفين'!B:C,2,0),"")
A37: =IF(B37<>"",33,"") | C37: =IFERROR(VLOOKUP(B37,'👥 بيانات الموظفين'!B:C,2,0),"")
A38: =IF(B38<>"",34,"") | C38: =IFERROR(VLOOKUP(B38,'👥 بيانات الموظفين'!B:C,2,0),"")
A39: =IF(B39<>"",35,"") | C39: =IFERROR(VLOOKUP(B39,'👥 بيانات الموظفين'!B:C,2,0),"")
A40: =IF(B40<>"",36,"") | C40: =IFERROR(VLOOKUP(B40,'👥 بيانات الموظفين'!B:C,2,0),"")
A41: =IF(B41<>"",37,"") | C41: =IFERROR(VLOOKUP(B41,'👥 بيانات الموظفين'!B:C,2,0),"")
A42: =IF(B42<>"",38,"") | C42: =IFERROR(VLOOKUP(B42,'👥 بيانات الموظفين'!B:C,2,0),"")
A43: =IF(B43<>"",39,"") | C43: =IFERROR(VLOOKUP(B43,'👥 بيانات الموظفين'!B:C,2,0),"")
A44: =IF(B44<>"",40,"") | C44: =IFERROR(VLOOKUP(B44,'👥 بيانات الموظفين'!B:C,2,0),"")
A45: =IF(B45<>"",41,"") | C45: =IFERROR(VLOOKUP(B45,'👥 بيانات الموظفين'!B:C,2,0),"")
A46: =IF(B46<>"",42,"") | C46: =IFERROR(VLOOKUP(B46,'👥 بيانات الموظفين'!B:C,2,0),"")
A47: =IF(B47<>"",43,"") | C47: =IFERROR(VLOOKUP(B47,'👥 بيانات الموظفين'!B:C,2,0),"")
A48: =IF(B48<>"",44,"") | C48: =IFERROR(VLOOKUP(B48,'👥 بيانات الموظفين'!B:C,2,0),"")
A49: =IF(B49<>"",45,"") | C49: =IFERROR(VLOOKUP(B49,'👥 بيانات الموظفين'!B:C,2,0),"")
A50: =IF(B50<>"",46,"") | C50: =IFERROR(VLOOKUP(B50,'👥 بيانات الموظفين'!B:C,2,0),"")
A51: =IF(B51<>"",47,"") | C51: =IFERROR(VLOOKUP(B51,'👥 بيانات الموظفين'!B:C,2,0),"")
A52: =IF(B52<>"",48,"") | C52: =IFERROR(VLOOKUP(B52,'👥 بيانات الموظفين'!B:C,2,0),"")
A53: =IF(B53<>"",49,"") | C53: =IFERROR(VLOOKUP(B53,'👥 بيانات الموظفين'!B:C,2,0),"")
A54: =IF(B54<>"",50,"") | C54: =IFERROR(VLOOKUP(B54,'👥 بيانات الموظفين'!B:C,2,0),"")
A55: =IF(B55<>"",51,"") | C55: =IFERROR(VLOOKUP(B55,'👥 بيانات الموظفين'!B:C,2,0),"")
A56: =IF(B56<>"",52,"") | C56: =IFERROR(VLOOKUP(B56,'👥 بيانات الموظفين'!B:C,2,0),"")
A57: =IF(B57<>"",53,"") | C57: =IFERROR(VLOOKUP(B57,'👥 بيانات الموظفين'!B:C,2,0),"")
A58: =IF(B58<>"",54,"") | C58: =IFERROR(VLOOKUP(B58,'👥 بيانات الموظفين'!B:C,2,0),"")
A59: =IF(B59<>"",55,"") | C59: =IFERROR(VLOOKUP(B59,'👥 بيانات الموظفين'!B:C,2,0),"")
A60: =IF(B60<>"",56,"") | C60: =IFERROR(VLOOKUP(B60,'👥 بيانات الموظفين'!B:C,2,0),"")
A61: =IF(B61<>"",57,"") | C61: =IFERROR(VLOOKUP(B61,'👥 بيانات الموظفين'!B:C,2,0),"")
A62: =IF(B62<>"",58,"") | C62: =IFERROR(VLOOKUP(B62,'👥 بيانات الموظفين'!B:C,2,0),"")
A63: =IF(B63<>"",59,"") | C63: =IFERROR(VLOOKUP(B63,'👥 بيانات الموظفين'!B:C,2,0),"")
A64: =IF(B64<>"",60,"") | C64: =IFERROR(VLOOKUP(B64,'👥 بيانات الموظفين'!B:C,2,0),"")
A65: =IF(B65<>"",61,"") | C65: =IFERROR(VLOOKUP(B65,'👥 بيانات الموظفين'!B:C,2,0),"")
A66: =IF(B66<>"",62,"") | C66: =IFERROR(VLOOKUP(B66,'👥 بيانات الموظفين'!B:C,2,0),"")
A67: =IF(B67<>"",63,"") | C67: =IFERROR(VLOOKUP(B67,'👥 بيانات الموظفين'!B:C,2,0),"")
A68: =IF(B68<>"",64,"") | C68: =IFERROR(VLOOKUP(B68,'👥 بيانات الموظفين'!B:C,2,0),"")
A69: =IF(B69<>"",65,"") | C69: =IFERROR(VLOOKUP(B69,'👥 بيانات الموظفين'!B:C,2,0),"")
A70: =IF(B70<>"",66,"") | C70: =IFERROR(VLOOKUP(B70,'👥 بيانات الموظفين'!B:C,2,0),"")
A71: =IF(B71<>"",67,"") | C71: =IFERROR(VLOOKUP(B71,'👥 بيانات الموظفين'!B:C,2,0),"")
A72: =IF(B72<>"",68,"") | C72: =IFERROR(VLOOKUP(B72,'👥 بيانات الموظفين'!B:C,2,0),"")
A73: =IF(B73<>"",69,"") | C73: =IFERROR(VLOOKUP(B73,'👥 بيانات الموظفين'!B:C,2,0),"")
A74: =IF(B74<>"",70,"") | C74: =IFERROR(VLOOKUP(B74,'👥 بيانات الموظفين'!B:C,2,0),"")
A75: =IF(B75<>"",71,"") | C75: =IFERROR(VLOOKUP(B75,'👥 بيانات الموظفين'!B:C,2,0),"")
A76: =IF(B76<>"",72,"") | C76: =IFERROR(VLOOKUP(B76,'👥 بيانات الموظفين'!B:C,2,0),"")
A77: =IF(B77<>"",73,"") | C77: =IFERROR(VLOOKUP(B77,'👥 بيانات الموظفين'!B:C,2,0),"")
A78: =IF(B78<>"",74,"") | C78: =IFERROR(VLOOKUP(B78,'👥 بيانات الموظفين'!B:C,2,0),"")
A79: =IF(B79<>"",75,"") | C79: =IFERROR(VLOOKUP(B79,'👥 بيانات الموظفين'!B:C,2,0),"")
A80: =IF(B80<>"",76,"") | C80: =IFERROR(VLOOKUP(B80,'👥 بيانات الموظفين'!B:C,2,0),"")
A81: =IF(B81<>"",77,"") | C81: =IFERROR(VLOOKUP(B81,'👥 بيانات الموظفين'!B:C,2,0),"")
A82: =IF(B82<>"",78,"") | C82: =IFERROR(VLOOKUP(B82,'👥 بيانات الموظفين'!B:C,2,0),"")
A83: =IF(B83<>"",79,"") | C83: =IFERROR(VLOOKUP(B83,'👥 بيانات الموظفين'!B:C,2,0),"")
A84: =IF(B84<>"",80,"") | C84: =IFERROR(VLOOKUP(B84,'👥 بيانات الموظفين'!B:C,2,0),"")
A85: =IF(B85<>"",81,"") | C85: =IFERROR(VLOOKUP(B85,'👥 بيانات الموظفين'!B:C,2,0),"")
A86: =IF(B86<>"",82,"") | C86: =IFERROR(VLOOKUP(B86,'👥 بيانات الموظفين'!B:C,2,0),"")
A87: =IF(B87<>"",83,"") | C87: =IFERROR(VLOOKUP(B87,'👥 بيانات الموظفين'!B:C,2,0),"")
A88: =IF(B88<>"",84,"") | C88: =IFERROR(VLOOKUP(B88,'👥 بيانات الموظفين'!B:C,2,0),"")
A89: =IF(B89<>"",85,"") | C89: =IFERROR(VLOOKUP(B89,'👥 بيانات الموظفين'!B:C,2,0),"")
A90: =IF(B90<>"",86,"") | C90: =IFERROR(VLOOKUP(B90,'👥 بيانات الموظفين'!B:C,2,0),"")
A91: =IF(B91<>"",87,"") | C91: =IFERROR(VLOOKUP(B91,'👥 بيانات الموظفين'!B:C,2,0),"")
A92: =IF(B92<>"",88,"") | C92: =IFERROR(VLOOKUP(B92,'👥 بيانات الموظفين'!B:C,2,0),"")
A93: =IF(B93<>"",89,"") | C93: =IFERROR(VLOOKUP(B93,'👥 بيانات الموظفين'!B:C,2,0),"")
A94: =IF(B94<>"",90,"") | C94: =IFERROR(VLOOKUP(B94,'👥 بيانات الموظفين'!B:C,2,0),"")
A95: =IF(B95<>"",91,"") | C95: =IFERROR(VLOOKUP(B95,'👥 بيانات الموظفين'!B:C,2,0),"")
A96: =IF(B96<>"",92,"") | C96: =IFERROR(VLOOKUP(B96,'👥 بيانات الموظفين'!B:C,2,0),"")
A97: =IF(B97<>"",93,"") | C97: =IFERROR(VLOOKUP(B97,'👥 بيانات الموظفين'!B:C,2,0),"")
A98: =IF(B98<>"",94,"") | C98: =IFERROR(VLOOKUP(B98,'👥 بيانات الموظفين'!B:C,2,0),"")
A99: =IF(B99<>"",95,"") | C99: =IFERROR(VLOOKUP(B99,'👥 بيانات الموظفين'!B:C,2,0),"")
A100: =IF(B100<>"",96,"") | C100: =IFERROR(VLOOKUP(B100,'👥 بيانات الموظفين'!B:C,2,0),"")
A101: =IF(B101<>"",97,"") | C101: =IFERROR(VLOOKUP(B101,'👥 بيانات الموظفين'!B:C,2,0),"")
A102: =IF(B102<>"",98,"") | C102: =IFERROR(VLOOKUP(B102,'👥 بيانات الموظفين'!B:C,2,0),"")
A103: =IF(B103<>"",99,"") | C103: =IFERROR(VLOOKUP(B103,'👥 بيانات الموظفين'!B:C,2,0),"")
A104: =IF(B104<>"",100,"") | C104: =IFERROR(VLOOKUP(B104,'👥 بيانات الموظفين'!B:C,2,0),"")
A105: =IF(B105<>"",101,"") | C105: =IFERROR(VLOOKUP(B105,'👥 بيانات الموظفين'!B:C,2,0),"")
A106: =IF(B106<>"",102,"") | C106: =IFERROR(VLOOKUP(B106,'👥 بيانات الموظفين'!B:C,2,0),"")
A107: =IF(B107<>"",103,"") | C107: =IFERROR(VLOOKUP(B107,'👥 بيانات الموظفين'!B:C,2,0),"")
A108: =IF(B108<>"",104,"") | C108: =IFERROR(VLOOKUP(B108,'👥 بيانات الموظفين'!B:C,2,0),"")
A109: =IF(B109<>"",105,"") | C109: =IFERROR(VLOOKUP(B109,'👥 بيانات الموظفين'!B:C,2,0),"")
A110: =IF(B110<>"",106,"") | C110: =IFERROR(VLOOKUP(B110,'👥 بيانات الموظفين'!B:C,2,0),"")
A111: =IF(B111<>"",107,"") | C111: =IFERROR(VLOOKUP(B111,'👥 بيانات الموظفين'!B:C,2,0),"")
A112: =IF(B112<>"",108,"") | C112: =IFERROR(VLOOKUP(B112,'👥 بيانات الموظفين'!B:C,2,0),"")
A113: =IF(B113<>"",109,"") | C113: =IFERROR(VLOOKUP(B113,'👥 بيانات الموظفين'!B:C,2,0),"")
A114: =IF(B114<>"",110,"") | C114: =IFERROR(VLOOKUP(B114,'👥 بيانات الموظفين'!B:C,2,0),"")
A115: =IF(B115<>"",111,"") | C115: =IFERROR(VLOOKUP(B115,'👥 بيانات الموظفين'!B:C,2,0),"")
...

Sheet 📊 KPI الأداء
A1: 📊 مؤشرات الأداء الوظيفي KPI
A2: Performance Management — ربع سنوي ومرتبط بالرواتب
A4: م | B4: رقم الموظف | C4: اسم الموظف | D4: القسم | E4: الفترة | F4: جودة العمل /20 | G4: الالتزام بالوقت /20 | H4: التعاون /20 | I4: الإنتاجية /20 | J4: المبادرة /20 | K4: المجموع /100 | L4: التقييم | M4: الفئة | N4: المكافأة المقترحة | O4: ملاحظات المدير
A5: 1 | B5: EMP001 | C5: =IFERROR(VLOOKUP(B5,'👥 بيانات الموظفين'!B:C,2,0),"") -> عبدالعزيز محمد العتيبي | D5: Q1 2026 | E5: 20 | F5: 20 | G5: 19 | H5: 20 | I5: 20 | K5: 99 | L5: ممتاز | M5: 3000 | N5: قيادة استثنائية
A6: 2 | B6: EMP002 | C6: =IFERROR(VLOOKUP(B6,'👥 بيانات الموظفين'!B:C,2,0),"") -> فاطمة سعد الزهراني | D6: Q1 2026 | E6: 19 | F6: 20 | G6: 19 | H6: 19 | I6: 20 | K6: 97 | L6: ممتاز | M6: 3000 | N6: أداء ممتاز - مرشحة لترقية
A7: 3 | B7: EMP003 | C7: =IFERROR(VLOOKUP(B7,'👥 بيانات الموظفين'!B:C,2,0),"") -> خالد عبدالرحمن الدوسري | D7: Q1 2026 | E7: 19 | F7: 19 | G7: 18 | H7: 19 | I7: 18 | K7: 93 | L7: ممتاز | M7: 3000 | N7: إغلاق مالي بدون أخطاء
A8: 4 | B8: EMP004 | C8: =IFERROR(VLOOKUP(B8,'👥 بيانات الموظفين'!B:C,2,0),"") -> سلطان فيصل القحطاني | D8: Q1 2026 | E8: 20 | F8: 18 | G8: 20 | H8: 20 | I8: 20 | K8: 98 | L8: ممتاز | M8: 3000 | N8: إطلاق منتجين قبل الموعد
A9: 5 | B9: EMP005 | C9: =IFERROR(VLOOKUP(B9,'👥 بيانات الموظفين'!B:C,2,0),"") -> Rajesh Kumar Sharma | D9: Q1 2026 | E9: 18 | F9: 8 | G9: 17 | H9: 18 | I9: 17 | K9: 78 | L9: جيد جداً | M9: 500 | N9: تأخير متكرر يخفض التقييم رغم الجودة
A10: 6 | B10: EMP006 | C10: =IFERROR(VLOOKUP(B10,'👥 بيانات الموظفين'!B:C,2,0),"") -> Mohamed Ahmed Hassan | D10: Q1 2026 | E10: 19 | F10: 18 | G10: 18 | H10: 19 | I10: 19 | K10: 93 | L10: ممتاز | M10: 3000 | N10: تحسين بنية DevOps
A11: 7 | B11: EMP007 | C11: =IFERROR(VLOOKUP(B11,'👥 بيانات الموظفين'!B:C,2,0),"") -> نورة عبدالله الشمري | D11: Q1 2026 | E11: 17 | F11: 17 | G11: 18 | H11: 16 | I11: 15 | K11: 83 | L11: جيد جداً | M11: 1500 | N11: عودة من الأمومة - أداء جيد
A12: 8 | B12: EMP008 | C12: =IFERROR(VLOOKUP(B12,'👥 بيانات الموظفين'!B:C,2,0),"") -> عبدالرحمن خالد المالكي | D12: Q1 2026 | E12: 18 | F12: 17 | G12: 17 | H12: 18 | I12: 16 | K12: 86 | L12: جيد جداً | M12: 1500 | N12: مساهمة في مشروع البيانات
A13: 9 | B13: EMP009 | C13: =IFERROR(VLOOKUP(B13,'👥 بيانات الموظفين'!B:C,2,0),"") -> Ali Hassan Khan | D13: Q1 2026 | E13: 17 | F13: 18 | G13: 16 | H13: 17 | I13: 15 | K13: 83 | L13: جيد جداً | M13: 1500 | N13: تحسن منذ الانضمام
A14: 10 | B14: EMP010 | C14: =IFERROR(VLOOKUP(B14,'👥 بيانات الموظفين'!B:C,2,0),"") -> ريم سعود العنزي | D14: Q1 2026 | E14: 18 | F14: 19 | G14: 17 | H14: 17 | I14: 16 | K14: 87 | L14: جيد جداً | M14: 1500 | N14: جودة اختبارات عالية
A15: 11 | B15: EMP011 | C15: =IFERROR(VLOOKUP(B15,'👥 بيانات الموظفين'!B:C,2,0),"") -> فهد عبدالله الشهري | D15: Q1 2026 | E15: 15 | F15: 18 | G15: 15 | H15: 14 | I15: 13 | K15: 75 | L15: جيد جداً | M15: 500 | N15: موظف جديد - فترة تجربة
A16: 12 | B16: EMP012 | C16: =IFERROR(VLOOKUP(B16,'👥 بيانات الموظفين'!B:C,2,0),"") -> ماجد سلطان الغامدي | D16: Q1 2026 | E16: 20 | F16: 19 | G16: 19 | H16: 20 | I16: 20 | K16: 98 | L16: ممتاز | M16: 3000 | N16: تجاوز الهدف ربعياً
... A34: 30 | B34: EMP030 | C34: =IFERROR(VLOOKUP(B34,'👥 بيانات الموظفين'!B:C,2,0),"") -> ياسر سالم الزهراني | D34: Q1 2026 | E34: 16 | F34: 15 | G34: 17 | H34: 15 | I34: 14 | K34: 77 | L34: جيد جداً | M34: 500 | N34: انتهت خدمته في أبريل
A35: =IF(B35<>"",31,"") | C35: =IFERROR(VLOOKUP(B35,'👥 بيانات الموظفين'!B:C,2,0),"") | D35: =IFERROR(VLOOKUP(B35,'👥 بيانات الموظفين'!B:E,4,0),"") | K35: =IF(B35<>"",IF(AND(F35<>"",G35<>"",H35<>"",I35<>"",J35<>""),SUM(F35:J35),""),"") | L35: =IF(K35="","",IF(K35>=90,"ممتاز",IF(K35>=75,"جيد جداً",IF(K35>=60,"جيد",IF(K35>=50,"مقبول","ضعيف"))))) | M35: =IF(K35="","",IF(K35>=90,"A",IF(K35>=75,"B",IF(K35>=60,"C",IF(K35>=50,"D","F"))))) | N35: =IF(K35="","",IF(K35>=90,IFERROR(VLOOKUP(B35,'👥 بيانات الموظفين'!B:H,7,0),0)*0.15,IF(K35>=75,IFERROR(VLOOKUP(B35,'👥 بيانات الموظفين'!B:H,7,0),0)*0.1,IF(K35>=60,IFERROR(VLOOKUP(B35,'👥 بيانات الموظفين'!B:H,7,0),0)*0.05,0))))
A36: =IF(B36<>"",32,"") | C36: =IFERROR(VLOOKUP(B36,'👥 بيانات الموظفين'!B:C,2,0),"") | D36: =IFERROR(VLOOKUP(B36,'👥 بيانات الموظفين'!B:E,4,0),"") | K36: =IF(B36<>"",IF(AND(F36<>"",G36<>"",H36<>"",I36<>"",J36<>""),SUM(F36:J36),""),"") | L36: =IF(K36="","",IF(K36>=90,"ممتاز",IF(K36>=75,"جيد جداً",IF(K36>=60,"جيد",IF(K36>=50,"مقبول","ضعيف"))))) | M36: =IF(K36="","",IF(K36>=90,"A",IF(K36>=75,"B",IF(K36>=60,"C",IF(K36>=50,"D","F"))))) | N36: =IF(K36="","",IF(K36>=90,IFERROR(VLOOKUP(B36,'👥 بيانات الموظفين'!B:H,7,0),0)*0.15,IF(K36>=75,IFERROR(VLOOKUP(B36,'👥 بيانات الموظفين'!B:H,7,0),0)*0.1,IF(K36>=60,IFERROR(VLOOKUP(B36,'👥 بيانات الموظفين'!B:H,7,0),0)*0.05,0))))
A37: =IF(B37<>"",33,"") | C37: =IFERROR(VLOOKUP(B37,'👥 بيانات الموظفين'!B:C,2,0),"") | D37: =IFERROR(VLOOKUP(B37,'👥 بيانات الموظفين'!B:E,4,0),"") | K37: =IF(B37<>"",IF(AND(F37<>"",G37<>"",H37<>"",I37<>"",J37<>""),SUM(F37:J37),""),"") | L37: =IF(K37="","",IF(K37>=90,"ممتاز",IF(K37>=75,"جيد جداً",IF(K37>=60,"جيد",IF(K37>=50,"مقبول","ضعيف"))))) | M37: =IF(K37="","",IF(K37>=90,"A",IF(K37>=75,"B",IF(K37>=60,"C",IF(K37>=50,"D","F"))))) | N37: =IF(K37="","",IF(K37>=90,IFERROR(VLOOKUP(B37,'👥 بيانات الموظفين'!B:H,7,0),0)*0.15,IF(K37>=75,IFERROR(VLOOKUP(B37,'👥 بيانات الموظفين'!B:H,7,0),0)*0.1,IF(K37>=60,IFERROR(VLOOKUP(B37,'👥 بيانات الموظفين'!B:H,7,0),0)*0.05,0))))
A38: =IF(B38<>"",34,"") | C38: =IFERROR(VLOOKUP(B38,'👥 بيانات الموظفين'!B:C,2,0),"") | D38: =IFERROR(VLOOKUP(B38,'👥 بيانات الموظفين'!B:E,4,0),"") | K38: =IF(B38<>"",IF(AND(F38<>"",G38<>"",H38<>"",I38<>"",J38<>""),SUM(F38:J38),""),"") | L38: =IF(K38="","",IF(K38>=90,"ممتاز",IF(K38>=75,"جيد جداً",IF(K38>=60,"جيد",IF(K38>=50,"مقبول","ضعيف"))))) | M38: =IF(K38="","",IF(K38>=90,"A",IF(K38>=75,"B",IF(K38>=60,"C",IF(K38>=50,"D","F"))))) | N38: =IF(K38="","",IF(K38>=90,IFERROR(VLOOKUP(B38,'👥 بيانات الموظفين'!B:H,7,0),0)*0.15,IF(K38>=75,IFERROR(VLOOKUP(B38,'👥 بيانات الموظفين'!B:H,7,0),0)*0.1,IF(K38>=60,IFERROR(VLOOKUP(B38,'👥 بيانات الموظفين'!B:H,7,0),0)*0.05,0))))
A39: =IF(B39<>"",35,"") | C39: =IFERROR(VLOOKUP(B39,'👥 بيانات الموظفين'!B:C,2,0),"") | D39: =IFERROR(VLOOKUP(B39,'👥 بيانات الموظفين'!B:E,4,0),"") | K39: =IF(B39<>"",IF(AND(F39<>"",G39<>"",H39<>"",I39<>"",J39<>""),SUM(F39:J39),""),"") | L39: =IF(K39="","",IF(K39>=90,"ممتاز",IF(K39>=75,"جيد جداً",IF(K39>=60,"جيد",IF(K39>=50,"مقبول","ضعيف"))))) | M39: =IF(K39="","",IF(K39>=90,"A",IF(K39>=75,"B",IF(K39>=60,"C",IF(K39>=50,"D","F"))))) | N39: =IF(K39="","",IF(K39>=90,IFERROR(VLOOKUP(B39,'👥 بيانات الموظفين'!B:H,7,0),0)*0.15,IF(K39>=75,IFERROR(VLOOKUP(B39,'👥 بيانات الموظفين'!B:H,7,0),0)*0.1,IF(K39>=60,IFERROR(VLOOKUP(B39,'👥 بيانات الموظفين'!B:H,7,0),0)*0.05,0))))
A40: =IF(B40<>"",36,"") | C40: =IFERROR(VLOOKUP(B40,'👥 بيانات الموظفين'!B:C,2,0),"") | D40: =IFERROR(VLOOKUP(B40,'👥 بيانات الموظفين'!B:E,4,0),"") | K40: =IF(B40<>"",IF(AND(F40<>"",G40<>"",H40<>"",I40<>"",J40<>""),SUM(F40:J40),""),"") | L40: =IF(K40="","",IF(K40>=90,"ممتاز",IF(K40>=75,"جيد جداً",IF(K40>=60,"جيد",IF(K40>=50,"مقبول","ضعيف"))))) | M40: =IF(K40="","",IF(K40>=90,"A",IF(K40>=75,"B",IF(K40>=60,"C",IF(K40>=50,"D","F"))))) | N40: =IF(K40="","",IF(K40>=90,IFERROR(VLOOKUP(B40,'👥 بيانات الموظفين'!B:H,7,0),0)*0.15,IF(K40>=75,IFERROR(VLOOKUP(B40,'👥 بيانات الموظفين'!B:H,7,0),0)*0.1,IF(K40>=60,IFERROR(VLOOKUP(B40,'👥 بيانات الموظفين'!B:H,7,0),0)*0.05,0))))
A41: =IF(B41<>"",37,"") | C41: =IFERROR(VLOOKUP(B41,'👥 بيانات الموظفين'!B:C,2,0),"") | D41: =IFERROR(VLOOKUP(B41,'👥 بيانات الموظفين'!B:E,4,0),"") | K41: =IF(B41<>"",IF(AND(F41<>"",G41<>"",H41<>"",I41<>"",J41<>""),SUM(F41:J41),""),"") | L41: =IF(K41="","",IF(K41>=90,"ممتاز",IF(K41>=75,"جيد جداً",IF(K41>=60,"جيد",IF(K41>=50,"مقبول","ضعيف"))))) | M41: =IF(K41="","",IF(K41>=90,"A",IF(K41>=75,"B",IF(K41>=60,"C",IF(K41>=50,"D","F"))))) | N41: =IF(K41="","",IF(K41>=90,IFERROR(VLOOKUP(B41,'👥 بيانات الموظفين'!B:H,7,0),0)*0.15,IF(K41>=75,IFERROR(VLOOKUP(B41,'👥 بيانات الموظفين'!B:H,7,0),0)*0.1,IF(K41>=60,IFERROR(VLOOKUP(B41,'👥 بيانات الموظفين'!B:H,7,0),0)*0.05,0))))
A42: =IF(B42<>"",38,"") | C42: =IFERROR(VLOOKUP(B42,'👥 بيانات الموظفين'!B:C,2,0),"") | D42: =IFERROR(VLOOKUP(B42,'👥 بيانات الموظفين'!B:E,4,0),"") | K42: =IF(B42<>"",IF(AND(F42<>"",G42<>"",H42<>"",I42<>"",J42<>""),SUM(F42:J42),""),"") | L42: =IF(K42="","",IF(K42>=90,"ممتاز",IF(K42>=75,"جيد جداً",IF(K42>=60,"جيد",IF(K42>=50,"مقبول","ضعيف"))))) | M42: =IF(K42="","",IF(K42>=90,"A",IF(K42>=75,"B",IF(K42>=60,"C",IF(K42>=50,"D","F"))))) | N42: =IF(K42="","",IF(K42>=90,IFERROR(VLOOKUP(B42,'👥 بيانات الموظفين'!B:H,7,0),0)*0.15,IF(K42>=75,IFERROR(VLOOKUP(B42,'👥 بيانات الموظفين'!B:H,7,0),0)*0.1,IF(K42>=60,IFERROR(VLOOKUP(B42,'👥 بيانات الموظفين'!B:H,7,0),0)*0.05,0))))
A43: =IF(B43<>"",39,"") | C43: =IFERROR(VLOOKUP(B43,'👥 بيانات الموظفين'!B:C,2,0),"") | D43: =IFERROR(VLOOKUP(B43,'👥 بيانات الموظفين'!B:E,4,0),"") | K43: =IF(B43<>"",IF(AND(F43<>"",G43<>"",H43<>"",I43<>"",J43<>""),SUM(F43:J43),""),"") | L43: =IF(K43="","",IF(K43>=90,"ممتاز",IF(K43>=75,"جيد جداً",IF(K43>=60,"جيد",IF(K43>=50,"مقبول","ضعيف"))))) | M43: =IF(K43="","",IF(K43>=90,"A",IF(K43>=75,"B",IF(K43>=60,"C",IF(K43>=50,"D","F"))))) | N43: =IF(K43="","",IF(K43>=90,IFERROR(VLOOKUP(B43,'👥 بيانات الموظفين'!B:H,7,0),0)*0.15,IF(K43>=75,IFERROR(VLOOKUP(B43,'👥 بيانات الموظفين'!B:H,7,0),0)*0.1,IF(K43>=60,IFERROR(VLOOKUP(B43,'👥 بيانات الموظفين'!B:H,7,0),0)*0.05,0))))
A44: =IF(B44<>"",40,"") | C44: =IFERROR(VLOOKUP(B44,'👥 بيانات الموظفين'!B:C,2,0),"") | D44: =IFERROR(VLOOKUP(B44,'👥 بيانات الموظفين'!B:E,4,0),"") | K44: =IF(B44<>"",IF(AND(F44<>"",G44<>"",H44<>"",I44<>"",J44<>""),SUM(F44:J44),""),"") | L44: =IF(K44="","",IF(K44>=90,"ممتاز",IF(K44>=75,"جيد جداً",IF(K44>=60,"جيد",IF(K44>=50,"مقبول","ضعيف"))))) | M44: =IF(K44="","",IF(K44>=90,"A",IF(K44>=75,"B",IF(K44>=60,"C",IF(K44>=50,"D","F"))))) | N44: =IF(K44="","",IF(K44>=90,IFERROR(VLOOKUP(B44,'👥 بيانات الموظفين'!B:H,7,0),0)*0.15,IF(K44>=75,IFERROR(VLOOKUP(B44,'👥 بيانات الموظفين'!B:H,7,0),0)*0.1,IF(K44>=60,IFERROR(VLOOKUP(B44,'👥 بيانات الموظفين'!B:H,7,0),0)*0.05,0))))
A45: =IF(B45<>"",41,"") | C45: =IFERROR(VLOOKUP(B45,'👥 بيانات الموظفين'!B:C,2,0),"") | D45: =IFERROR(VLOOKUP(B45,'👥 بيانات الموظفين'!B:E,4,0),"") | K45: =IF(B45<>"",IF(AND(F45<>"",G45<>"",H45<>"",I45<>"",J45<>""),SUM(F45:J45),""),"") | L45: =IF(K45="","",IF(K45>=90,"ممتاز",IF(K45>=75,"جيد جداً",IF(K45>=60,"جيد",IF(K45>=50,"مقبول","ضعيف"))))) | M45: =IF(K45="","",IF(K45>=90,"A",IF(K45>=75,"B",IF(K45>=60,"C",IF(K45>=50,"D","F"))))) | N45: =IF(K45="","",IF(K45>=90,IFERROR(VLOOKUP(B45,'👥 بيانات الموظفين'!B:H,7,0),0)*0.15,IF(K45>=75,IFERROR(VLOOKUP(B45,'👥 بيانات الموظفين'!B:H,7,0),0)*0.1,IF(K45>=60,IFERROR(VLOOKUP(B45,'👥 بيانات الموظفين'!B:H,7,0),0)*0.05,0))))
A46: =IF(B46<>"",42,"") | C46: =IFERROR(VLOOKUP(B46,'👥 بيانات الموظفين'!B:C,2,0),"") | D46: =IFERROR(VLOOKUP(B46,'👥 بيانات الموظفين'!B:E,4,0),"") | K46: =IF(B46<>"",IF(AND(F46<>"",G46<>"",H46<>"",I46<>"",J46<>""),SUM(F46:J46),""),"") | L46: =IF(K46="","",IF(K46>=90,"ممتاز",IF(K46>=75,"جيد جداً",IF(K46>=60,"جيد",IF(K46>=50,"مقبول","ضعيف"))))) | M46: =IF(K46="","",IF(K46>=90,"A",IF(K46>=75,"B",IF(K46>=60,"C",IF(K46>=50,"D","F"))))) | N46: =IF(K46="","",IF(K46>=90,IFERROR(VLOOKUP(B46,'👥 بيانات الموظفين'!B:H,7,0),0)*0.15,IF(K46>=75,IFERROR(VLOOKUP(B46,'👥 بيانات الموظفين'!B:H,7,0),0)*0.1,IF(K46>=60,IFERROR(VLOOKUP(B46,'👥 بيانات الموظفين'!B:H,7,0),0)*0.05,0))))
A47: =IF(B47<>"",43,"") | C47: =IFERROR(VLOOKUP(B47,'👥 بيانات الموظفين'!B:C,2,0),"") | D47: =IFERROR(VLOOKUP(B47,'👥 بيانات الموظفين'!B:E,4,0),"") | K47: =IF(B47<>"",IF(AND(F47<>"",G47<>"",H47<>"",I47<>"",J47<>""),SUM(F47:J47),""),"") | L47: =IF(K47="","",IF(K47>=90,"ممتاز",IF(K47>=75,"جيد جداً",IF(K47>=60,"جيد",IF(K47>=50,"مقبول","ضعيف"))))) | M47: =IF(K47="","",IF(K47>=90,"A",IF(K47>=75,"B",IF(K47>=60,"C",IF(K47>=50,"D","F"))))) | N47: =IF(K47="","",IF(K47>=90,IFERROR(VLOOKUP(B47,'👥 بيانات الموظفين'!B:H,7,0),0)*0.15,IF(K47>=75,IFERROR(VLOOKUP(B47,'👥 بيانات الموظفين'!B:H,7,0),0)*0.1,IF(K47>=60,IFERROR(VLOOKUP(B47,'👥 بيانات الموظفين'!B:H,7,0),0)*0.05,0))))
A48: =IF(B48<>"",44,"") | C48: =IFERROR(VLOOKUP(B48,'👥 بيانات الموظفين'!B:C,2,0),"") | D48: =IFERROR(VLOOKUP(B48,'👥 بيانات الموظفين'!B:E,4,0),"") | K48: =IF(B48<>"",IF(AND(F48<>"",G48<>"",H48<>"",I48<>"",J48<>""),SUM(F48:J48),""),"") | L48: =IF(K48="","",IF(K48>=90,"ممتاز",IF(K48>=75,"جيد جداً",IF(K48>=60,"جيد",IF(K48>=50,"مقبول","ضعيف"))))) | M48: =IF(K48="","",IF(K48>=90,"A",IF(K48>=75,"B",IF(K48>=60,"C",IF(K48>=50,"D","F"))))) | N48: =IF(K48="","",IF(K48>=90,IFERROR(VLOOKUP(B48,'👥 بيانات الموظفين'!B:H,7,0),0)*0.15,IF(K48>=75,IFERROR(VLOOKUP(B48,'👥 بيانات الموظفين'!B:H,7,0),0)*0.1,IF(K48>=60,IFERROR(VLOOKUP(B48,'👥 بيانات الموظفين'!B:H,7,0),0)*0.05,0))))
A49: =IF(B49<>"",45,"") | C49: =IFERROR(VLOOKUP(B49,'👥 بيانات الموظفين'!B:C,2,0),"") | D49: =IFERROR(VLOOKUP(B49,'👥 بيانات الموظفين'!B:E,4,0),"") | K49: =IF(B49<>"",IF(AND(F49<>"",G49<>"",H49<>"",I49<>"",J49<>""),SUM(F49:J49),""),"") | L49: =IF(K49="","",IF(K49>=90,"ممتاز",IF(K49>=75,"جيد جداً",IF(K49>=60,"جيد",IF(K49>=50,"مقبول","ضعيف"))))) | M49: =IF(K49="","",IF(K49>=90,"A",IF(K49>=75,"B",IF(K49>=60,"C",IF(K49>=50,"D","F"))))) | N49: =IF(K49="","",IF(K49>=90,IFERROR(VLOOKUP(B49,'👥 بيانات الموظفين'!B:H,7,0),0)*0.15,IF(K49>=75,IFERROR(VLOOKUP(B49,'👥 بيانات الموظفين'!B:H,7,0),0)*0.1,IF(K49>=60,IFERROR(VLOOKUP(B49,'👥 بيانات الموظفين'!B:H,7,0),0)*0.05,0))))
A50: =IF(B50<>"",46,"") | C50: =IFERROR(VLOOKUP(B50,'👥 بيانات الموظفين'!B:C,2,0),"") | D50: =IFERROR(VLOOKUP(B50,'👥 بيانات الموظفين'!B:E,4,0),"") | K50: =IF(B50<>"",IF(AND(F50<>"",G50<>"",H50<>"",I50<>"",J50<>""),SUM(F50:J50),""),"") | L50: =IF(K50="","",IF(K50>=90,"ممتاز",IF(K50>=75,"جيد جداً",IF(K50>=60,"جيد",IF(K50>=50,"مقبول","ضعيف"))))) | M50: =IF(K50="","",IF(K50>=90,"A",IF(K50>=75,"B",IF(K50>=60,"C",IF(K50>=50,"D","F"))))) | N50: =IF(K50="","",IF(K50>=90,IFERROR(VLOOKUP(B50,'👥 بيانات الموظفين'!B:H,7,0),0)*0.15,IF(K50>=75,IFERROR(VLOOKUP(B50,'👥 بيانات الموظفين'!B:H,7,0),0)*0.1,IF(K50>=60,IFERROR(VLOOKUP(B50,'👥 بيانات الموظفين'!B:H,7,0),0)*0.05,0))))
A51: =IF(B51<>"",47,"") | C51: =IFERROR(VLOOKUP(B51,'👥 بيانات الموظفين'!B:C,2,0),"") | D51: =IFERROR(VLOOKUP(B51,'👥 بيانات الموظفين'!B:E,4,0),"") | K51: =IF(B51<>"",IF(AND(F51<>"",G51<>"",H51<>"",I51<>"",J51<>""),SUM(F51:J51),""),"") | L51: =IF(K51="","",IF(K51>=90,"ممتاز",IF(K51>=75,"جيد جداً",IF(K51>=60,"جيد",IF(K51>=50,"مقبول","ضعيف"))))) | M51: =IF(K51="","",IF(K51>=90,"A",IF(K51>=75,"B",IF(K51>=60,"C",IF(K51>=50,"D","F"))))) | N51: =IF(K51="","",IF(K51>=90,IFERROR(VLOOKUP(B51,'👥 بيانات الموظفين'!B:H,7,0),0)*0.15,IF(K51>=75,IFERROR(VLOOKUP(B51,'👥 بيانات الموظفين'!B:H,7,0),0)*0.1,IF(K51>=60,IFERROR(VLOOKUP(B51,'👥 بيانات الموظفين'!B:H,7,0),0)*0.05,0))))
